Terminal close -- exit!
trib 8.0.15-6, for debian-linux-gnu (x86_64)
--
-- Host: localhost    Database: vk
-- ------------------------------------------------------
-- Server version	8.0.15-6

/*!40101 SET @OLD_CHARACTER_SET_CLIENT=@@CHARACTER_SET_CLIENT */;
/*!40101 SET @OLD_CHARACTER_SET_RESULTS=@@CHARACTER_SET_RESULTS */;
/*!40101 SET @OLD_COLLATION_CONNECTION=@@COLLATION_CONNECTION */;
 SET NAMES utf8mb4 ;
/*!40103 SET @OLD_TIME_ZONE=@@TIME_ZONE */;
/*!40103 SET TIME_ZONE='+00:00' */;
/*!40014 SET @OLD_UNIQUE_CHECKS=@@UNIQUE_CHECKS, UNIQUE_CHECKS=0 */;
/*!40014 SET @OLD_FOREIGN_KEY_CHECKS=@@FOREIGN_KEY_CHECKS, FOREIGN_KEY_CHECKS=0 */;
/*!40101 SET @OLD_SQL_MODE=@@SQL_MODE, SQL_MODE='NO_AUTO_VALUE_ON_ZERO' */;
/*!40111 SET @OLD_SQL_NOTES=@@SQL_NOTES, SQL_NOTES=0 */;
/*!50717 SELECT COUNT(*) INTO @rocksdb_has_p_s_session_variables FROM INFORMATION_SCHEMA.TABLES WHERE TABLE_SCHEMA = 'performance_schema' AND TABLE_NAME = 'session_variables' */;
/*!50717 SET @rocksdb_get_is_supported = IF (@rocksdb_has_p_s_session_variables, 'SELECT COUNT(*) INTO @rocksdb_is_supported FROM performance_schema.session_variables WHERE VARIABLE_NAME=\'rocksdb_bulk_load\'', 'SELECT 0') */;
/*!50717 PREPARE s FROM @rocksdb_get_is_supported */;
/*!50717 EXECUTE s */;
/*!50717 DEALLOCATE PREPARE s */;
/*!50717 SET @rocksdb_enable_bulk_load = IF (@rocksdb_is_supported, 'SET SESSION rocksdb_bulk_load = 1', 'SET @rocksdb_dummy_bulk_load = 0') */;
/*!50717 PREPARE s FROM @rocksdb_enable_bulk_load */;
/*!50717 EXECUTE s */;
/*!50717 DEALLOCATE PREPARE s */;

--
-- Table structure for table `communities`
--

DROP TABLE IF EXISTS `communities`;
/*!40101 SET @saved_cs_client     = @@character_set_client */;
 SET character_set_client = utf8mb4 ;
CREATE TABLE `communities` (
  `id` int(10) unsigned NOT NULL AUTO_INCREMENT COMMENT 'Идентификатор сроки',
  `name` varchar(150) CHARACTER SET utf8 COLLATE utf8_unicode_ci NOT NULL COMMENT 'Название группы',
  `created_at` datetime DEFAULT CURRENT_TIMESTAMP COMMENT 'Время создания строки',
  `updated_at` datetime DEFAULT CURRENT_TIMESTAMP ON UPDATE CURRENT_TIMESTAMP COMMENT 'Время обновления строки',
  PRIMARY KEY (`id`),
  UNIQUE KEY `name` (`name`)
) ENGINE=InnoDB AUTO_INCREMENT=113 DEFAULT CHARSET=utf8 COLLATE=utf8_unicode_ci COMMENT='Группы';
/*!40101 SET character_set_client = @saved_cs_client */;

--
-- Dumping data for table `communities`
--

LOCK TABLES `communities` WRITE;
/*!40000 ALTER TABLE `communities` DISABLE KEYS */;
INSERT INTO `communities` VALUES (101,'and Sons','2020-06-27 15:40:46','2020-06-27 15:40:46'),(102,'Inc','2020-06-27 15:40:46','2020-06-27 15:40:46'),(103,'LLC','2020-06-27 15:40:46','2020-06-27 15:40:46'),(105,'PLC','2020-06-27 15:40:46','2020-06-27 15:40:46'),(108,'Group','2020-06-27 15:40:46','2020-06-27 15:40:46'),(112,'Ltd','2020-06-27 15:40:46','2020-06-27 15:40:46');
/*!40000 ALTER TABLE `communities` ENABLE KEYS */;
UNLOCK TABLES;

--
-- Table structure for table `communities_users`
--

DROP TABLE IF EXISTS `communities_users`;
/*!40101 SET @saved_cs_client     = @@character_set_client */;
 SET character_set_client = utf8mb4 ;
CREATE TABLE `communities_users` (
  `community_id` int(10) unsigned NOT NULL COMMENT 'Ссылка на группу',
  `user_id` int(10) unsigned NOT NULL COMMENT 'Ссылка на пользователя',
  `created_at` datetime DEFAULT CURRENT_TIMESTAMP COMMENT 'Время создания строки',
  PRIMARY KEY (`community_id`,`user_id`) COMMENT 'Составной первичный ключ'
) ENGINE=InnoDB DEFAULT CHARSET=utf8 COLLATE=utf8_unicode_ci COMMENT='Участники групп, связь между пользователями и группами';
/*!40101 SET character_set_client = @saved_cs_client */;

--
-- Dumping data for table `communities_users`
--

LOCK TABLES `communities_users` WRITE;
/*!40000 ALTER TABLE `communities_users` DISABLE KEYS */;
INSERT INTO `communities_users` VALUES (1,7,'1973-06-25 01:57:44'),(1,14,'2009-04-16 16:15:19'),(1,25,'2003-07-13 14:59:37'),(1,32,'1972-08-13 05:33:46'),(1,33,'2016-10-11 15:09:23'),(1,36,'2018-09-25 19:20:21'),(1,40,'1975-03-22 19:39:11'),(1,55,'2003-04-07 08:44:35'),(1,60,'2002-05-19 10:22:10'),(1,65,'1990-12-17 01:45:11'),(1,77,'2008-11-24 18:26:43'),(1,80,'2007-03-07 13:41:27'),(2,1,'1999-04-21 03:21:37'),(2,21,'1975-04-06 15:27:10'),(2,23,'2001-10-29 04:57:36'),(2,28,'2017-07-29 17:49:07'),(2,29,'2007-07-28 21:13:31'),(2,30,'2014-06-21 07:18:36'),(2,31,'2006-11-25 01:50:57'),(2,41,'2001-03-02 08:54:12'),(2,42,'1974-03-02 15:29:21'),(2,43,'2016-03-24 12:31:11'),(2,44,'2013-11-04 23:42:17'),(2,46,'2009-09-12 15:09:36'),(2,47,'2009-01-28 16:47:28'),(2,67,'1971-06-08 18:53:13'),(2,74,'1991-06-11 06:24:46'),(2,91,'2013-08-19 21:41:38'),(2,92,'1976-06-28 21:27:12'),(2,96,'1974-05-16 14:02:41'),(2,99,'1971-09-29 03:50:56'),(3,8,'1972-01-31 04:50:49'),(3,12,'2010-09-13 22:01:20'),(3,16,'1999-12-19 09:17:12'),(3,17,'2009-07-24 18:50:07'),(3,24,'2006-03-28 11:37:32'),(3,27,'1990-04-03 00:29:25'),(3,50,'1977-05-12 15:09:30'),(3,52,'1984-08-24 18:25:48'),(3,54,'2001-06-30 04:02:39'),(3,58,'1976-09-19 12:29:22'),(3,63,'1974-08-20 13:48:17'),(3,64,'1990-01-19 00:46:57'),(3,68,'2011-11-08 11:57:17'),(3,72,'1980-11-07 09:35:00'),(3,75,'2019-02-17 20:01:33'),(3,82,'1991-02-07 10:28:30'),(3,84,'1981-12-20 13:22:10'),(3,85,'2007-09-17 20:10:04'),(3,86,'2001-01-21 23:19:23'),(3,93,'1997-11-10 05:21:18'),(3,97,'1970-10-27 07:24:11'),(3,98,'2005-02-16 21:27:24'),(4,5,'2006-03-08 05:25:01'),(4,10,'1989-10-02 15:08:04'),(4,15,'2003-02-06 09:05:43'),(4,26,'1991-09-14 01:23:42'),(4,34,'2015-06-12 15:58:47'),(4,48,'1989-05-11 04:37:42'),(4,53,'1979-04-17 18:52:10'),(4,59,'1979-01-14 17:13:26'),(4,69,'1971-03-22 13:52:32'),(4,70,'2004-06-18 00:26:06'),(4,76,'2016-06-11 16:00:40'),(4,78,'1987-08-17 08:14:04'),(4,79,'1990-01-06 11:26:59'),(4,89,'2017-08-04 01:32:55'),(4,95,'1987-11-17 00:39:45'),(4,100,'1985-03-30 05:58:38'),(5,2,'2018-06-16 11:32:33'),(5,3,'2007-05-14 06:47:45'),(5,9,'2000-12-25 18:53:49'),(5,18,'1987-06-10 23:01:06'),(5,20,'2005-01-10 00:14:55'),(5,22,'2001-05-02 22:13:15'),(5,35,'1975-07-06 13:19:12'),(5,39,'2009-06-14 05:40:40'),(5,45,'1986-05-14 12:50:24'),(5,51,'2005-07-31 04:02:38'),(5,56,'1991-12-02 15:23:38'),(5,57,'1995-05-31 03:11:06'),(5,71,'1996-06-16 05:43:11'),(5,73,'1974-05-11 00:39:56'),(5,81,'1994-11-04 19:17:27'),(5,83,'1977-01-03 14:48:19'),(5,88,'2005-05-21 10:24:16'),(5,90,'2008-10-28 05:56:01'),(6,4,'1970-09-10 01:22:35'),(6,6,'1994-12-23 06:51:05'),(6,11,'2013-01-03 05:22:07'),(6,13,'2010-11-15 21:56:38'),(6,19,'1999-12-10 05:35:41'),(6,37,'1978-03-25 01:21:00'),(6,38,'1977-04-11 22:10:12'),(6,49,'1987-06-10 08:49:58'),(6,61,'1993-10-13 00:31:39'),(6,62,'2010-09-06 03:18:44'),(6,66,'1992-01-04 20:22:37'),(6,87,'1985-08-27 08:31:22'),(6,94,'1996-10-06 19:17:32');
/*!40000 ALTER TABLE `communities_users` ENABLE KEYS */;
UNLOCK TABLES;

--
-- Table structure for table `friendship`
--

DROP TABLE IF EXISTS `friendship`;
/*!40101 SET @saved_cs_client     = @@character_set_client */;
 SET character_set_client = utf8mb4 ;
CREATE TABLE `friendship` (
  `user_id` int(10) unsigned NOT NULL COMMENT 'Ссылка на инициатора дружеских отношений',
  `friend_id` int(10) unsigned NOT NULL COMMENT 'Ссылка на получателя приглашения дружить',
  `status_id` int(10) unsigned NOT NULL COMMENT 'Ссылка на статус (текущее состояние) отношений',
  `requested_at` datetime DEFAULT CURRENT_TIMESTAMP COMMENT 'Время отправления приглашения дружить',
  `confirmed_at` datetime DEFAULT NULL COMMENT 'Время подтверждения приглашения',
  `created_at` datetime DEFAULT CURRENT_TIMESTAMP COMMENT 'Время создания строки',
  `updated_at` datetime DEFAULT CURRENT_TIMESTAMP ON UPDATE CURRENT_TIMESTAMP COMMENT 'Время обновления строки',
  PRIMARY KEY (`user_id`,`friend_id`) COMMENT 'Составной первичный ключ'
) ENGINE=InnoDB DEFAULT CHARSET=utf8 COLLATE=utf8_unicode_ci COMMENT='Таблица дружбы';
/*!40101 SET character_set_client = @saved_cs_client */;

--
-- Dumping data for table `friendship`
--

LOCK TABLES `friendship` WRITE;
/*!40000 ALTER TABLE `friendship` DISABLE KEYS */;
INSERT INTO `friendship` VALUES (1,2,3,'2015-03-17 19:01:33','2017-05-01 17:23:59','2000-03-07 05:07:41','2020-06-27 15:40:46'),(2,3,1,'2005-01-03 08:09:36','2010-05-20 10:34:15','1987-05-30 14:55:48','2020-06-27 15:40:46'),(3,4,2,'2010-03-04 21:07:48','1999-02-18 11:04:17','1993-03-01 13:28:42','2020-06-27 15:40:46'),(4,5,3,'1974-03-06 04:49:52','2002-07-07 15:40:36','2016-10-14 13:29:12','2020-06-27 15:40:46'),(5,6,2,'1973-07-26 17:10:09','1989-06-08 05:01:04','1993-11-18 08:06:03','2020-06-27 15:40:46'),(6,7,3,'1992-08-17 03:07:00','1985-03-15 08:41:31','1981-10-10 20:13:16','2020-06-27 15:40:46'),(7,8,1,'2006-01-10 08:55:45','2011-08-28 17:33:51','1993-09-20 13:48:51','2020-06-27 15:40:46'),(8,9,1,'2011-12-12 18:05:25','2012-04-07 08:08:49','2008-01-29 13:33:37','2020-06-27 15:40:46'),(9,10,2,'1971-09-19 01:58:32','2003-09-15 18:23:35','1972-07-27 23:31:40','2020-06-27 15:40:46'),(10,11,3,'1999-03-30 22:46:02','2020-03-18 08:10:46','2010-05-18 04:02:28','2020-06-27 15:40:46'),(11,12,3,'1982-11-11 11:34:00','2013-11-28 11:30:51','1973-03-19 17:11:53','2020-06-27 15:40:46'),(12,13,3,'2004-09-05 08:59:57','1979-04-26 20:27:45','1978-12-10 19:25:03','2020-06-27 15:40:46'),(13,14,1,'1997-12-02 21:59:40','2017-12-27 21:51:47','2001-01-28 15:33:14','2020-06-27 15:40:46'),(14,15,3,'1990-03-20 01:54:49','1980-03-17 07:34:32','1996-06-28 17:13:02','2020-06-27 15:40:46'),(15,16,1,'2003-07-25 06:03:56','1987-04-06 06:23:50','1996-11-27 19:55:58','2020-06-27 15:40:46'),(16,17,2,'2015-04-09 11:13:18','1987-10-27 18:20:08','2003-03-12 00:13:33','2020-06-27 15:40:46'),(17,18,1,'1977-06-17 20:34:09','1980-09-15 18:20:17','2016-09-25 05:29:24','2020-06-27 15:40:46'),(18,19,3,'1975-11-19 19:24:40','1986-03-01 20:23:25','1979-09-16 11:49:52','2020-06-27 15:40:46'),(19,20,3,'2008-09-22 02:59:54','1990-04-15 18:05:09','1987-10-31 20:45:37','2020-06-27 15:40:46'),(20,21,2,'2000-09-16 09:10:51','1972-08-24 00:11:17','1994-08-13 05:24:24','2020-06-27 15:40:46'),(21,22,3,'1992-11-18 14:26:40','2011-01-04 01:19:08','1978-04-30 03:28:44','2020-06-27 15:40:46'),(22,23,3,'1972-03-08 00:19:15','1989-11-05 23:20:43','1992-12-28 04:26:59','2020-06-27 15:40:46'),(23,24,1,'2000-12-25 11:38:21','2014-09-24 02:57:41','1974-08-28 06:25:57','2020-06-27 15:40:46'),(24,25,2,'1998-11-24 04:04:03','2008-11-21 03:12:16','1978-01-12 10:33:46','2020-06-27 15:40:46'),(25,26,3,'1978-07-07 00:13:25','2004-08-24 01:13:12','2000-12-02 11:10:49','2020-06-27 15:40:46'),(26,27,3,'1975-02-19 11:34:59','1979-11-17 05:39:03','2004-06-08 22:03:44','2020-06-27 15:40:46'),(27,28,3,'1999-04-01 09:36:23','2009-04-25 01:27:12','1991-07-31 20:18:50','2020-06-27 15:40:46'),(28,29,1,'2003-03-28 20:49:22','1985-04-18 19:21:40','1981-06-02 07:21:37','2020-06-27 15:40:46'),(29,30,1,'2005-04-20 15:30:40','2011-04-03 14:06:59','1974-11-16 02:37:13','2020-06-27 15:40:46'),(30,31,3,'1996-03-26 19:00:19','2012-09-08 14:20:27','1981-11-29 21:20:03','2020-06-27 15:40:46'),(31,32,1,'2004-07-10 03:44:57','2001-02-05 10:54:00','2004-08-27 05:19:28','2020-06-27 15:40:46'),(32,33,2,'1971-04-28 11:26:29','2002-06-12 04:17:13','2018-04-02 03:32:12','2020-06-27 15:40:46'),(33,34,2,'1973-12-26 02:02:11','1996-01-02 06:31:21','1973-07-13 06:40:28','2020-06-27 15:40:46'),(34,35,2,'2018-07-17 07:38:04','1981-02-24 21:57:30','1974-08-13 18:14:09','2020-06-27 15:40:46'),(35,36,2,'1974-07-24 00:43:45','2017-03-04 15:19:31','2007-02-23 20:20:06','2020-06-27 15:40:46'),(36,37,3,'1974-05-25 02:32:53','1971-01-20 10:15:44','1989-03-06 20:37:11','2020-06-27 15:40:46'),(37,38,1,'1984-05-18 15:01:27','1992-01-10 16:16:16','1970-01-02 19:03:12','2020-06-27 15:40:46'),(38,39,3,'2019-10-01 08:05:38','2001-12-07 23:27:13','1979-04-30 11:48:49','2020-06-27 15:40:46'),(39,40,2,'1992-10-23 22:45:51','1970-10-08 16:17:43','2006-05-26 22:04:18','2020-06-27 15:40:46'),(40,41,1,'1992-05-17 18:39:55','2017-12-30 19:40:03','1998-10-17 00:14:54','2020-06-27 15:40:46'),(41,42,1,'1977-03-12 22:45:47','1973-10-23 00:25:08','1977-12-08 07:26:11','2020-06-27 15:40:46'),(42,43,1,'2008-10-13 02:42:43','1971-03-23 03:58:30','1986-03-02 06:43:34','2020-06-27 15:40:46'),(43,44,1,'1973-03-23 03:27:10','1977-06-09 00:59:15','1989-02-24 21:38:14','2020-06-27 15:40:46'),(44,45,3,'1981-11-19 21:06:31','1978-08-12 11:12:47','1971-02-09 20:15:06','2020-06-27 15:40:46'),(45,46,2,'1993-04-28 01:38:08','1984-11-29 14:56:14','1982-11-30 05:48:09','2020-06-27 15:40:46'),(46,47,2,'1989-06-15 12:45:37','1986-09-03 00:05:35','1972-01-14 17:41:12','2020-06-27 15:40:46'),(47,48,3,'1993-01-17 15:44:46','1970-05-03 17:51:18','1992-10-08 08:06:29','2020-06-27 15:40:46'),(48,49,3,'1982-08-09 00:50:59','2002-03-05 16:36:42','1986-05-10 14:10:51','2020-06-27 15:40:46'),(49,50,1,'1977-07-27 10:28:42','2016-09-29 21:03:35','1989-07-26 03:22:32','2020-06-27 15:40:46'),(50,51,1,'2008-01-30 07:17:57','2016-01-30 20:26:22','1994-11-18 00:52:02','2020-06-27 15:40:46'),(51,52,1,'2020-02-02 06:16:04','2019-03-16 00:56:09','1988-09-18 12:23:55','2020-06-27 15:40:46'),(52,53,2,'1997-07-04 11:07:56','1990-04-15 10:39:14','2007-06-11 14:28:34','2020-06-27 15:40:46'),(53,54,2,'1970-09-14 12:15:34','1979-02-21 23:15:56','1990-07-17 11:09:48','2020-06-27 15:40:46'),(54,55,2,'1976-12-29 09:28:25','2016-10-12 20:28:45','1972-03-04 21:10:17','2020-06-27 15:40:46'),(55,56,2,'2002-12-11 03:20:40','1998-09-19 03:49:24','2006-11-23 22:36:51','2020-06-27 15:40:46'),(56,57,1,'1984-09-30 00:18:58','1992-09-29 07:41:58','2007-11-18 09:48:12','2020-06-27 15:40:46'),(57,58,2,'1995-09-15 13:30:21','2011-02-05 05:38:25','1998-05-09 00:49:43','2020-06-27 15:40:46'),(58,59,3,'2005-08-20 03:15:33','2013-08-27 23:57:16','1987-11-07 03:20:53','2020-06-27 15:40:46'),(59,60,3,'1987-04-17 18:24:52','1978-12-22 00:21:15','1984-08-30 09:32:47','2020-06-27 15:40:46'),(60,61,3,'1987-09-14 16:25:30','2019-10-17 07:47:46','2013-09-09 00:47:02','2020-06-27 15:40:46'),(61,62,2,'1978-01-04 10:40:13','1985-12-12 03:26:55','2010-07-24 02:34:54','2020-06-27 15:40:46'),(62,63,1,'1999-09-13 23:19:22','1991-07-02 21:44:49','1981-12-11 01:31:57','2020-06-27 15:40:46'),(63,64,1,'2017-04-01 05:43:48','1982-08-26 09:05:05','2006-07-07 20:49:00','2020-06-27 15:40:46'),(64,65,3,'2007-10-23 11:43:11','2005-10-05 14:03:04','2006-07-03 11:20:33','2020-06-27 15:40:46'),(65,66,1,'1997-02-16 00:30:57','2012-06-07 10:43:19','2009-08-16 22:19:01','2020-06-27 15:40:46'),(66,67,3,'1988-08-13 10:26:09','1987-02-27 16:48:38','1990-02-06 19:50:18','2020-06-27 15:40:46'),(67,68,1,'1978-05-23 19:11:33','1995-07-03 10:50:21','1980-06-29 04:29:05','2020-06-27 15:40:46'),(68,69,2,'1999-04-28 06:41:22','1986-10-04 22:34:42','1994-08-29 06:11:29','2020-06-27 15:40:46'),(69,70,2,'1995-11-11 10:16:50','1982-07-15 05:50:28','1994-07-23 12:58:31','2020-06-27 15:40:46'),(70,71,3,'1987-01-15 16:04:58','2014-12-14 07:10:45','1997-05-30 04:02:34','2020-06-27 15:40:46'),(71,72,2,'1974-09-29 06:17:38','2002-06-20 10:12:29','1977-02-19 15:18:42','2020-06-27 15:40:46'),(72,73,3,'1973-10-11 16:32:01','1993-11-26 03:31:40','2009-02-02 13:02:53','2020-06-27 15:40:46'),(73,74,1,'1986-08-21 04:04:40','1985-01-28 08:23:57','2001-11-17 11:56:59','2020-06-27 15:40:46'),(74,75,3,'2007-07-30 14:12:54','2008-08-10 13:03:04','1999-01-08 22:14:15','2020-06-27 15:40:46'),(75,76,1,'1997-01-25 01:43:30','2006-01-03 06:57:55','1972-09-26 07:56:24','2020-06-27 15:40:46'),(76,77,1,'1994-07-26 15:06:36','1992-02-09 06:06:49','1975-07-23 17:59:43','2020-06-27 15:40:46'),(77,78,1,'2018-11-02 19:09:08','1984-05-04 22:43:24','1982-10-22 10:14:23','2020-06-27 15:40:46'),(78,79,1,'1988-10-16 01:42:41','1978-08-22 23:21:31','1991-03-14 05:39:29','2020-06-27 15:40:46'),(79,80,1,'1974-12-27 00:38:31','2016-08-21 03:46:43','1992-11-16 21:40:47','2020-06-27 15:40:46'),(80,81,2,'1993-05-09 19:14:14','1983-11-21 18:06:19','1989-11-18 04:44:28','2020-06-27 15:40:46'),(81,82,3,'2016-10-12 02:59:28','1995-12-23 23:20:45','2003-01-26 18:40:43','2020-06-27 15:40:46'),(82,83,2,'1983-01-01 02:30:01','1985-10-29 04:53:41','1993-09-25 09:59:30','2020-06-27 15:40:46'),(83,84,2,'2007-09-07 21:21:15','1970-06-25 16:43:07','2016-03-23 16:48:50','2020-06-27 15:40:46'),(84,85,2,'1984-07-23 19:05:38','1980-06-28 20:02:04','2013-02-11 16:13:22','2020-06-27 15:40:46'),(85,86,2,'1990-10-08 16:29:15','2011-06-29 21:23:52','2007-08-20 05:16:37','2020-06-27 15:40:46'),(86,87,2,'1977-08-22 18:06:10','2007-03-24 19:38:03','1975-03-06 15:05:58','2020-06-27 15:40:46'),(87,88,2,'2010-09-20 17:17:52','1995-06-28 18:22:55','2013-04-25 03:35:53','2020-06-27 15:40:46'),(88,89,1,'1988-12-02 09:51:27','2003-07-06 18:06:41','2017-04-16 03:03:33','2020-06-27 15:40:46'),(89,90,3,'1992-12-15 04:32:17','2001-05-11 09:07:47','2010-07-02 18:49:26','2020-06-27 15:40:46'),(90,91,2,'2006-08-28 05:21:40','2018-05-13 14:02:31','2002-06-20 14:15:06','2020-06-27 15:40:46'),(91,92,3,'1991-04-29 23:47:14','2015-04-30 23:35:20','1972-03-26 07:30:44','2020-06-27 15:40:46'),(92,93,2,'2015-04-08 16:43:33','2016-05-19 10:21:48','1970-05-25 07:52:31','2020-06-27 15:40:46'),(93,94,2,'1984-04-22 15:37:51','2006-12-15 23:28:09','2004-08-01 14:38:06','2020-06-27 15:40:46'),(94,95,2,'2002-08-10 03:38:09','1979-05-02 22:48:20','1976-11-09 01:06:31','2020-06-27 15:40:46'),(95,96,3,'2011-06-25 09:45:03','2001-12-17 05:22:01','2004-10-10 12:30:26','2020-06-27 15:40:46'),(96,97,3,'2011-11-24 01:01:04','2007-11-25 09:47:20','2004-06-20 12:52:09','2020-06-27 15:40:46'),(97,98,3,'1970-07-08 01:25:03','2008-10-17 01:56:50','1998-01-22 08:49:37','2020-06-27 15:40:46'),(98,99,2,'2016-06-11 18:11:03','2009-10-13 12:20:44','2003-12-15 12:48:27','2020-06-27 15:40:46'),(99,100,3,'1993-04-18 03:11:24','1990-08-12 11:43:31','1982-01-30 02:09:52','2020-06-27 15:40:46'),(100,101,1,'2017-06-16 15:16:43','1971-11-24 01:02:59','2015-01-11 16:35:43','2020-06-27 15:40:46');
/*!40000 ALTER TABLE `friendship` ENABLE KEYS */;
UNLOCK TABLES;

--
-- Table structure for table `friendship_statuses`
--

DROP TABLE IF EXISTS `friendship_statuses`;
/*!40101 SET @saved_cs_client     = @@character_set_client */;
 SET character_set_client = utf8mb4 ;
CREATE TABLE `friendship_statuses` (
  `id` int(10) unsigned NOT NULL AUTO_INCREMENT COMMENT 'Идентификатор строки',
  `name` varchar(150) CHARACTER SET utf8 COLLATE utf8_unicode_ci NOT NULL COMMENT 'Название статуса',
  `created_at` datetime DEFAULT CURRENT_TIMESTAMP COMMENT 'Время создания строки',
  `updated_at` datetime DEFAULT CURRENT_TIMESTAMP ON UPDATE CURRENT_TIMESTAMP COMMENT 'Время обновления строки',
  PRIMARY KEY (`id`),
  UNIQUE KEY `name` (`name`)
) ENGINE=InnoDB AUTO_INCREMENT=4 DEFAULT CHARSET=utf8 COLLATE=utf8_unicode_ci COMMENT='Статусы дружбы';
/*!40101 SET character_set_client = @saved_cs_client */;

--
-- Dumping data for table `friendship_statuses`
--

LOCK TABLES `friendship_statuses` WRITE;
/*!40000 ALTER TABLE `friendship_statuses` DISABLE KEYS */;
INSERT INTO `friendship_statuses` VALUES (1,'Requested','2020-06-27 15:40:46','2020-06-27 15:40:46'),(2,'Confirmed','2020-06-27 15:40:46','2020-06-27 15:40:46'),(3,'Rejected','2020-06-27 15:40:46','2020-06-27 15:40:46');
/*!40000 ALTER TABLE `friendship_statuses` ENABLE KEYS */;
UNLOCK TABLES;

--
-- Table structure for table `media`
--

DROP TABLE IF EXISTS `media`;
/*!40101 SET @saved_cs_client     = @@character_set_client */;
 SET character_set_client = utf8mb4 ;
CREATE TABLE `media` (
  `id` int(10) unsigned NOT NULL AUTO_INCREMENT COMMENT 'Идентификатор строки',
  `user_id` int(10) unsigned NOT NULL COMMENT 'Ссылка на пользователя, который загрузил файл',
  `filename` varchar(255) CHARACTER SET utf8 COLLATE utf8_unicode_ci NOT NULL COMMENT 'Путь к файлу',
  `size` int(11) NOT NULL COMMENT 'Размер файла',
  `metadata` json DEFAULT NULL,
  `media_type_id` int(10) unsigned NOT NULL COMMENT 'Ссылка на тип контента',
  `created_at` datetime DEFAULT CURRENT_TIMESTAMP COMMENT 'Время создания строки',
  `updated_at` datetime DEFAULT CURRENT_TIMESTAMP ON UPDATE CURRENT_TIMESTAMP COMMENT 'Время обновления строки',
  PRIMARY KEY (`id`)
) ENGINE=InnoDB AUTO_INCREMENT=101 DEFAULT CHARSET=utf8 COLLATE=utf8_unicode_ci COMMENT='Медиафайлы';
/*!40101 SET character_set_client = @saved_cs_client */;

--
-- Dumping data for table `media`
--

LOCK TABLES `media` WRITE;
/*!40000 ALTER TABLE `media` DISABLE KEYS */;
INSERT INTO `media` VALUES (1,82,'https://dropbox/vk/quia.png',7265,'{\"owner\": \"Cordell Kutch\"}',2,'2009-06-25 02:04:24','2020-06-27 15:40:46'),(2,19,'https://dropbox/vk/illum.avi',9212,'{\"owner\": \"Monique Bode\"}',2,'2000-07-13 02:51:11','2020-06-27 15:40:46'),(3,45,'https://dropbox/vk/quo.avi',23838,'{\"owner\": \"Dorris Koss\"}',2,'2008-09-14 09:53:07','2020-06-27 15:40:46'),(4,69,'https://dropbox/vk/molestias.jpeg',413060,'{\"owner\": \"Vernice Lindgren\"}',3,'1972-11-18 22:05:33','2020-06-27 15:40:46'),(5,8,'https://dropbox/vk/quo.avi',8917424,'{\"owner\": \"Samanta Abshire\"}',3,'1982-11-01 11:33:17','2020-06-27 15:40:46'),(6,34,'https://dropbox/vk/impedit.png',983788,'{\"owner\": \"Ansley Rempel\"}',3,'1994-09-04 20:20:19','2020-06-27 15:40:46'),(7,46,'https://dropbox/vk/repellat.png',669759,'{\"owner\": \"Marilyne Buckridge\"}',3,'2005-11-20 03:08:22','2020-06-27 15:40:46'),(8,29,'https://dropbox/vk/nemo.png',387430,'{\"owner\": \"Jennyfer Schumm\"}',2,'1974-10-26 18:10:15','2020-06-27 15:40:46'),(9,4,'https://dropbox/vk/explicabo.mpeg',917876,'{\"owner\": \"Willie Nolan\"}',1,'1998-10-02 08:03:13','2020-06-27 15:40:46'),(10,33,'https://dropbox/vk/nihil.jpeg',417088,'{\"owner\": \"Alek Barton\"}',2,'1985-04-12 21:49:53','2020-06-27 15:40:46'),(11,51,'https://dropbox/vk/quod.avi',49143790,'{\"owner\": \"Fidel Walsh\"}',3,'2006-02-15 16:42:07','2020-06-27 15:40:46'),(12,58,'https://dropbox/vk/qui.mpeg',1648599,'{\"owner\": \"Ernestine Bailey\"}',1,'1989-02-01 00:21:05','2020-06-27 15:40:46'),(13,38,'https://dropbox/vk/dolorem.mpeg',98962,'{\"owner\": \"Jarred Johnson\"}',2,'1972-06-01 02:31:56','2020-06-27 15:40:46'),(14,12,'https://dropbox/vk/et.mpeg',321815,'{\"owner\": \"Cielo Morissette\"}',2,'1991-06-02 01:01:41','2020-06-27 15:40:46'),(15,47,'https://dropbox/vk/eligendi.png',347811,'{\"owner\": \"Vada Fisher\"}',1,'2015-12-09 13:34:07','2020-06-27 15:40:46'),(16,97,'https://dropbox/vk/cumque.mpeg',159362,'{\"owner\": \"Damaris Barton\"}',3,'2019-12-13 23:02:48','2020-06-27 15:40:46'),(17,43,'https://dropbox/vk/commodi.mpeg',763609,'{\"owner\": \"Savanah O\'Keefe\"}',2,'1983-04-03 18:52:18','2020-06-27 15:40:46'),(18,26,'https://dropbox/vk/nemo.jpeg',825775,'{\"owner\": \"Eleonore Rice\"}',3,'1995-09-15 12:16:08','2020-06-27 15:40:46'),(19,100,'https://dropbox/vk/voluptatem.avi',7114,'{\"owner\": \"Rex Veum\"}',1,'1995-09-04 23:07:36','2020-06-27 15:40:46'),(20,23,'https://dropbox/vk/et.mpeg',49895762,'{\"owner\": \"Cortez Mohr\"}',1,'1987-04-10 16:01:12','2020-06-27 15:40:46'),(21,13,'https://dropbox/vk/magnam.mpeg',8924,'{\"owner\": \"Sandrine Torphy\"}',1,'1991-03-12 12:45:11','2020-06-27 15:40:46'),(22,94,'https://dropbox/vk/repellat.mpeg',4373,'{\"owner\": \"Felicity Green\"}',3,'1983-04-29 04:50:28','2020-06-27 15:40:46'),(23,32,'https://dropbox/vk/ut.avi',56658013,'{\"owner\": \"Johnson Braun\"}',2,'1973-06-06 13:59:08','2020-06-27 15:40:46'),(24,76,'https://dropbox/vk/aut.mpeg',592986,'{\"owner\": \"Madge Shanahan\"}',1,'1979-06-19 23:53:37','2020-06-27 15:40:46'),(25,84,'https://dropbox/vk/sed.mpeg',4305,'{\"owner\": \"Delpha McClure\"}',2,'2008-07-04 05:28:47','2020-06-27 15:40:46'),(26,94,'https://dropbox/vk/ab.mpeg',38388091,'{\"owner\": \"Felicity Green\"}',1,'1983-10-02 23:36:58','2020-06-27 15:40:46'),(27,14,'https://dropbox/vk/at.png',764614,'{\"owner\": \"Timmy Hilll\"}',2,'2011-09-28 23:27:52','2020-06-27 15:40:46'),(28,90,'https://dropbox/vk/sapiente.jpeg',53127646,'{\"owner\": \"Mable Stiedemann\"}',3,'2017-03-06 09:41:33','2020-06-27 15:40:46'),(29,8,'https://dropbox/vk/itaque.png',2763228,'{\"owner\": \"Samanta Abshire\"}',3,'1978-08-05 22:54:02','2020-06-27 15:40:46'),(30,70,'https://dropbox/vk/ut.jpeg',522245,'{\"owner\": \"Raquel Hilpert\"}',2,'1979-06-02 18:37:38','2020-06-27 15:40:46'),(31,27,'https://dropbox/vk/vel.mpeg',307383,'{\"owner\": \"Taylor Borer\"}',2,'1997-02-09 15:36:01','2020-06-27 15:40:46'),(32,21,'https://dropbox/vk/sequi.mpeg',960178,'{\"owner\": \"Cathrine Ebert\"}',1,'2012-11-02 05:11:12','2020-06-27 15:40:46'),(33,25,'https://dropbox/vk/architecto.mpeg',4553647,'{\"owner\": \"Norval Powlowski\"}',3,'1977-11-27 22:26:17','2020-06-27 15:40:46'),(34,62,'https://dropbox/vk/veniam.png',868744,'{\"owner\": \"Cristian Murazik\"}',2,'2014-03-20 17:24:39','2020-06-27 15:40:46'),(35,35,'https://dropbox/vk/ab.png',41233246,'{\"owner\": \"Amari McDermott\"}',3,'2006-03-13 15:45:10','2020-06-27 15:40:46'),(36,87,'https://dropbox/vk/in.jpeg',453187,'{\"owner\": \"Ryleigh Beahan\"}',2,'2007-12-17 10:50:22','2020-06-27 15:40:46'),(37,32,'https://dropbox/vk/perspiciatis.jpeg',649704,'{\"owner\": \"Johnson Braun\"}',3,'2001-09-18 21:06:24','2020-06-27 15:40:46'),(38,96,'https://dropbox/vk/sed.avi',878958,'{\"owner\": \"Joshua Abernathy\"}',1,'2009-01-01 09:28:43','2020-06-27 15:40:46'),(39,85,'https://dropbox/vk/qui.avi',396637801,'{\"owner\": \"Mallie Quigley\"}',2,'2005-07-18 14:12:01','2020-06-27 15:40:46'),(40,37,'https://dropbox/vk/ipsam.jpeg',1069502,'{\"owner\": \"Aracely Thompson\"}',2,'2009-01-22 02:30:04','2020-06-27 15:40:46'),(41,29,'https://dropbox/vk/enim.avi',655535431,'{\"owner\": \"Jennyfer Schumm\"}',3,'1976-06-03 00:49:15','2020-06-27 15:40:46'),(42,32,'https://dropbox/vk/doloremque.png',16623324,'{\"owner\": \"Johnson Braun\"}',3,'1971-04-12 20:32:57','2020-06-27 15:40:46'),(43,74,'https://dropbox/vk/consequuntur.avi',830111,'{\"owner\": \"Chelsie Kub\"}',3,'1987-11-22 21:00:41','2020-06-27 15:40:46'),(44,74,'https://dropbox/vk/nulla.png',579466,'{\"owner\": \"Chelsie Kub\"}',1,'1986-08-24 15:57:56','2020-06-27 15:40:46'),(45,49,'https://dropbox/vk/tempore.mpeg',45497,'{\"owner\": \"Allison Ledner\"}',2,'1974-01-07 11:29:50','2020-06-27 15:40:46'),(46,20,'https://dropbox/vk/vel.png',435677,'{\"owner\": \"Merlin Harber\"}',1,'2020-06-11 17:54:18','2020-06-27 15:40:46'),(47,53,'https://dropbox/vk/aut.jpeg',8930,'{\"owner\": \"Aiyana Schamberger\"}',2,'2013-04-29 00:41:41','2020-06-27 15:40:46'),(48,5,'https://dropbox/vk/sunt.mpeg',531512,'{\"owner\": \"Susana Goyette\"}',2,'2007-04-11 18:23:18','2020-06-27 15:40:46'),(49,64,'https://dropbox/vk/repellendus.avi',340531,'{\"owner\": \"Felicita Bernier\"}',2,'1988-08-09 12:40:37','2020-06-27 15:40:46'),(50,3,'https://dropbox/vk/illo.avi',98120,'{\"owner\": \"Blanca Kuvalis\"}',3,'2017-11-27 13:29:06','2020-06-27 15:40:46'),(51,26,'https://dropbox/vk/deserunt.jpeg',1578,'{\"owner\": \"Eleonore Rice\"}',1,'1982-01-03 20:00:31','2020-06-27 15:40:46'),(52,17,'https://dropbox/vk/exercitationem.mpeg',41126844,'{\"owner\": \"Giovani Gottlieb\"}',2,'2011-07-23 14:59:13','2020-06-27 15:40:46'),(53,9,'https://dropbox/vk/perspiciatis.mpeg',2372,'{\"owner\": \"Elody Deckow\"}',1,'1978-05-21 18:08:09','2020-06-27 15:40:46'),(54,95,'https://dropbox/vk/sit.mpeg',6169319,'{\"owner\": \"Angeline Moore\"}',1,'1986-09-08 21:26:07','2020-06-27 15:40:46'),(55,45,'https://dropbox/vk/vitae.png',459007,'{\"owner\": \"Dorris Koss\"}',1,'2010-08-15 08:04:22','2020-06-27 15:40:46'),(56,40,'https://dropbox/vk/adipisci.mpeg',990674,'{\"owner\": \"Anahi Welch\"}',2,'2007-10-25 03:08:40','2020-06-27 15:40:46'),(57,65,'https://dropbox/vk/tenetur.png',67600,'{\"owner\": \"Celia Towne\"}',3,'1992-10-29 12:33:26','2020-06-27 15:40:46'),(58,3,'https://dropbox/vk/consequatur.png',49458,'{\"owner\": \"Blanca Kuvalis\"}',2,'2009-06-27 09:56:44','2020-06-27 15:40:46'),(59,22,'https://dropbox/vk/ab.avi',566349,'{\"owner\": \"Vergie Abshire\"}',2,'2016-07-16 09:44:15','2020-06-27 15:40:46'),(60,99,'https://dropbox/vk/placeat.jpeg',849724,'{\"owner\": \"Rebeca Wintheiser\"}',3,'1971-01-28 19:15:08','2020-06-27 15:40:46'),(61,27,'https://dropbox/vk/ut.jpeg',539576,'{\"owner\": \"Taylor Borer\"}',2,'2016-04-13 06:08:42','2020-06-27 15:40:46'),(62,38,'https://dropbox/vk/laudantium.avi',138706,'{\"owner\": \"Jarred Johnson\"}',1,'2014-12-02 12:43:21','2020-06-27 15:40:46'),(63,8,'https://dropbox/vk/illum.mpeg',817178791,'{\"owner\": \"Samanta Abshire\"}',3,'1993-01-05 17:25:12','2020-06-27 15:40:46'),(64,27,'https://dropbox/vk/qui.png',64805,'{\"owner\": \"Taylor Borer\"}',3,'1972-11-28 01:41:28','2020-06-27 15:40:46'),(65,10,'https://dropbox/vk/nulla.jpeg',46651556,'{\"owner\": \"Nikko Kub\"}',1,'1998-08-09 22:37:13','2020-06-27 15:40:46'),(66,68,'https://dropbox/vk/eligendi.mpeg',8765296,'{\"owner\": \"Schuyler Casper\"}',1,'1996-08-25 14:04:13','2020-06-27 15:40:46'),(67,10,'https://dropbox/vk/et.png',51157,'{\"owner\": \"Nikko Kub\"}',3,'1983-04-09 04:03:06','2020-06-27 15:40:46'),(68,46,'https://dropbox/vk/est.jpeg',1125,'{\"owner\": \"Marilyne Buckridge\"}',1,'2014-09-15 20:08:12','2020-06-27 15:40:46'),(69,97,'https://dropbox/vk/similique.jpeg',34389,'{\"owner\": \"Damaris Barton\"}',2,'2009-04-08 17:41:36','2020-06-27 15:40:46'),(70,50,'https://dropbox/vk/sit.avi',87833,'{\"owner\": \"Ima Stracke\"}',3,'2002-07-24 01:45:26','2020-06-27 15:40:46'),(71,55,'https://dropbox/vk/animi.jpeg',80493,'{\"owner\": \"Angelina Cole\"}',3,'2005-04-09 21:02:05','2020-06-27 15:40:46'),(72,27,'https://dropbox/vk/nihil.jpeg',51303593,'{\"owner\": \"Taylor Borer\"}',1,'1992-10-29 04:31:51','2020-06-27 15:40:46'),(73,67,'https://dropbox/vk/hic.mpeg',20756,'{\"owner\": \"Carey Goyette\"}',3,'1985-08-03 10:15:19','2020-06-27 15:40:46'),(74,54,'https://dropbox/vk/molestiae.jpeg',897906,'{\"owner\": \"Elisabeth Terry\"}',1,'2015-08-25 03:07:22','2020-06-27 15:40:46'),(75,70,'https://dropbox/vk/quam.jpeg',285114,'{\"owner\": \"Raquel Hilpert\"}',1,'2017-12-12 00:11:49','2020-06-27 15:40:46'),(76,87,'https://dropbox/vk/vitae.jpeg',721852,'{\"owner\": \"Ryleigh Beahan\"}',2,'1972-04-06 13:24:41','2020-06-27 15:40:46'),(77,24,'https://dropbox/vk/aperiam.jpeg',895230743,'{\"owner\": \"Angelo Homenick\"}',3,'1997-06-30 10:01:32','2020-06-27 15:40:46'),(78,61,'https://dropbox/vk/facilis.jpeg',743921,'{\"owner\": \"Jake Ullrich\"}',1,'1972-05-29 07:14:52','2020-06-27 15:40:46'),(79,29,'https://dropbox/vk/sit.png',544050,'{\"owner\": \"Jennyfer Schumm\"}',3,'1977-09-14 22:58:03','2020-06-27 15:40:46'),(80,63,'https://dropbox/vk/fuga.png',38292725,'{\"owner\": \"Jayden Kohler\"}',3,'1970-07-03 07:49:37','2020-06-27 15:40:46'),(81,26,'https://dropbox/vk/omnis.avi',478488,'{\"owner\": \"Eleonore Rice\"}',2,'1970-02-16 20:41:00','2020-06-27 15:40:46'),(82,41,'https://dropbox/vk/quod.jpeg',750291,'{\"owner\": \"Brennan Weimann\"}',1,'2006-02-16 11:02:17','2020-06-27 15:40:46'),(83,27,'https://dropbox/vk/sit.jpeg',40226577,'{\"owner\": \"Taylor Borer\"}',3,'2001-06-27 13:12:00','2020-06-27 15:40:46'),(84,11,'https://dropbox/vk/distinctio.jpeg',305989,'{\"owner\": \"Jarrell Weber\"}',2,'2007-07-31 14:34:50','2020-06-27 15:40:46'),(85,72,'https://dropbox/vk/occaecati.png',4244919,'{\"owner\": \"Demetris Wiza\"}',2,'1996-04-02 10:36:53','2020-06-27 15:40:46'),(86,26,'https://dropbox/vk/modi.avi',875195,'{\"owner\": \"Eleonore Rice\"}',1,'2015-10-15 01:04:03','2020-06-27 15:40:46'),(87,15,'https://dropbox/vk/qui.avi',80681,'{\"owner\": \"Etha Herman\"}',3,'1976-06-14 02:06:57','2020-06-27 15:40:46'),(88,98,'https://dropbox/vk/aperiam.png',588706477,'{\"owner\": \"Chanelle Jerde\"}',1,'1978-09-28 22:42:42','2020-06-27 15:40:46'),(89,42,'https://dropbox/vk/molestiae.png',5084,'{\"owner\": \"Renee Klocko\"}',1,'1990-09-07 02:03:41','2020-06-27 15:40:46'),(90,17,'https://dropbox/vk/consectetur.jpeg',269072,'{\"owner\": \"Giovani Gottlieb\"}',2,'1995-04-22 18:05:12','2020-06-27 15:40:46'),(91,58,'https://dropbox/vk/voluptatum.mpeg',12776,'{\"owner\": \"Ernestine Bailey\"}',1,'2003-12-01 11:53:39','2020-06-27 15:40:46'),(92,39,'https://dropbox/vk/modi.avi',891004621,'{\"owner\": \"Oran Kilback\"}',3,'1971-12-29 10:20:59','2020-06-27 15:40:46'),(93,22,'https://dropbox/vk/itaque.jpeg',79613927,'{\"owner\": \"Vergie Abshire\"}',2,'2016-06-29 10:21:43','2020-06-27 15:40:46'),(94,90,'https://dropbox/vk/est.png',417395,'{\"owner\": \"Mable Stiedemann\"}',3,'1977-03-08 16:33:44','2020-06-27 15:40:46'),(95,83,'https://dropbox/vk/excepturi.avi',52914,'{\"owner\": \"Remington Hyatt\"}',3,'1972-11-14 18:46:54','2020-06-27 15:40:46'),(96,45,'https://dropbox/vk/natus.avi',60055191,'{\"owner\": \"Dorris Koss\"}',3,'2016-02-12 21:42:50','2020-06-27 15:40:46'),(97,78,'https://dropbox/vk/reiciendis.mpeg',269758,'{\"owner\": \"Charles Tillman\"}',1,'2003-05-14 23:07:12','2020-06-27 15:40:46'),(98,52,'https://dropbox/vk/at.avi',10881,'{\"owner\": \"Roberto Homenick\"}',2,'1998-12-18 21:00:50','2020-06-27 15:40:46'),(99,24,'https://dropbox/vk/commodi.png',967347,'{\"owner\": \"Angelo Homenick\"}',1,'2009-10-19 01:38:56','2020-06-27 15:40:46'),(100,65,'https://dropbox/vk/labore.avi',86606,'{\"owner\": \"Celia Towne\"}',1,'2019-03-15 03:29:50','2020-06-27 15:40:46');
/*!40000 ALTER TABLE `media` ENABLE KEYS */;
UNLOCK TABLES;

--
-- Table structure for table `media_types`
--

DROP TABLE IF EXISTS `media_types`;
/*!40101 SET @saved_cs_client     = @@character_set_client */;
 SET character_set_client = utf8mb4 ;
CREATE TABLE `media_types` (
  `id` int(10) unsigned NOT NULL AUTO_INCREMENT COMMENT 'Идентификатор строки',
  `name` varchar(255) CHARACTER SET utf8 COLLATE utf8_unicode_ci NOT NULL COMMENT 'Название типа',
  `created_at` datetime DEFAULT CURRENT_TIMESTAMP COMMENT 'Время создания строки',
  `updated_at` datetime DEFAULT CURRENT_TIMESTAMP ON UPDATE CURRENT_TIMESTAMP COMMENT 'Время обновления строки',
  PRIMARY KEY (`id`),
  UNIQUE KEY `name` (`name`)
) ENGINE=InnoDB DEFAULT CHARSET=utf8 COLLATE=utf8_unicode_ci COMMENT='Типы медиафайлов';
/*!40101 SET character_set_client = @saved_cs_client */;

--
-- Dumping data for table `media_types`
--

LOCK TABLES `media_types` WRITE;
/*!40000 ALTER TABLE `media_types` DISABLE KEYS */;
/*!40000 ALTER TABLE `media_types` ENABLE KEYS */;
UNLOCK TABLES;

--
-- Table structure for table `messages`
--

DROP TABLE IF EXISTS `messages`;
/*!40101 SET @saved_cs_client     = @@character_set_client */;
 SET character_set_client = utf8mb4 ;
CREATE TABLE `messages` (
  `id` int(10) unsigned NOT NULL AUTO_INCREMENT COMMENT 'Идентификатор строки',
  `from_user_id` int(10) unsigned NOT NULL COMMENT 'Ссылка на отправителя сообщения',
  `to_user_id` int(10) unsigned NOT NULL COMMENT 'Ссылка на получателя сообщения',
  `body` text CHARACTER SET utf8 COLLATE utf8_unicode_ci NOT NULL COMMENT 'Текст сообщения',
  `is_important` tinyint(1) DEFAULT NULL COMMENT 'Признак важности',
  `is_delivered` tinyint(1) DEFAULT NULL COMMENT 'Признак доставки',
  `created_at` datetime DEFAULT CURRENT_TIMESTAMP COMMENT 'Время создания строки',
  `updated_at` datetime DEFAULT CURRENT_TIMESTAMP ON UPDATE CURRENT_TIMESTAMP COMMENT 'Время обновления строки',
  PRIMARY KEY (`id`)
) ENGINE=InnoDB AUTO_INCREMENT=101 DEFAULT CHARSET=utf8 COLLATE=utf8_unicode_ci COMMENT='Сообщения';
/*!40101 SET character_set_client = @saved_cs_client */;

--
-- Dumping data for table `messages`
--

LOCK TABLES `messages` WRITE;
/*!40000 ALTER TABLE `messages` DISABLE KEYS */;
INSERT INTO `messages` VALUES (1,91,17,'Et laborum debitis qui iste vitae qui accusantium. Occaecati voluptatem aliquid et repellat quis. Rerum quia neque est harum consequatur sint iusto.',1,1,'2009-05-06 03:03:08','2020-06-27 15:40:45'),(2,9,93,'Nihil laboriosam ab ut facilis. Quam nulla hic omnis quam sed similique. Nostrum consectetur et repellat placeat nulla in qui cumque. Aut commodi adipisci nesciunt.',1,0,'1971-01-24 11:54:37','2020-06-27 15:40:45'),(3,40,21,'Est recusandae cupiditate fugit laborum. Quidem praesentium earum libero. Enim atque totam sit quia.',1,0,'2008-03-16 03:01:05','2020-06-27 15:40:45'),(4,82,47,'Quis enim error quidem. Quo non architecto aut vel ratione. Aut fugiat commodi et adipisci. Est unde aperiam voluptatum molestias tempora quas neque. Quaerat natus et iste dolores est tempore nisi.',0,1,'1995-06-13 14:41:40','2020-06-27 15:40:45'),(5,91,12,'Velit voluptatem omnis dolorem ratione iure officia pariatur. In asperiores in quidem eveniet magnam magni non.',1,0,'1975-03-26 05:03:56','2020-06-27 15:40:45'),(6,84,87,'Quia aperiam aut repellendus iure eum sapiente. Deserunt voluptatem vel harum maiores fugit mollitia. Rerum officiis quae rerum voluptatibus facilis alias. Rerum ut quo a eos.',1,0,'2018-02-12 16:01:15','2020-06-27 15:40:45'),(7,82,49,'Repellat quam ut possimus eos vel eos. Dolor labore qui quos expedita enim quos. Officiis deserunt quia cum eius. Enim molestias ut nihil quibusdam cupiditate et earum. Ut odit aspernatur nostrum numquam est facilis ullam.',0,1,'1994-09-18 10:27:50','2020-06-27 15:40:45'),(8,97,40,'Doloremque quis debitis est explicabo sit magnam cumque. Neque non labore aut. Ut architecto eos autem voluptate unde in. Est doloribus ipsam vel omnis beatae repudiandae magnam.',1,0,'2002-01-12 05:30:23','2020-06-27 15:40:45'),(9,5,7,'Veritatis itaque mollitia asperiores. Aut voluptatem autem magni voluptates laboriosam fugiat. Est omnis pariatur pariatur corporis quo.',1,1,'1996-11-26 01:07:15','2020-06-27 15:40:45'),(10,18,69,'Dolor beatae quas nisi sed facilis. Minima et vel explicabo quos neque accusantium.',0,1,'1982-05-01 04:57:25','2020-06-27 15:40:45'),(11,89,39,'At mollitia delectus dolor quasi possimus est suscipit. Minima dignissimos neque quisquam similique vero perspiciatis occaecati magnam.',0,1,'2019-12-25 07:41:14','2020-06-27 15:40:45'),(12,26,14,'Veritatis ab odio nihil molestias officia vel similique. Et atque quis est repudiandae facilis. Sed labore sit libero tenetur a veniam ipsum eveniet.',0,0,'1998-07-01 18:13:51','2020-06-27 15:40:45'),(13,92,18,'Sequi quo et velit id. Explicabo sed alias dolorem excepturi pariatur.',0,0,'2011-09-07 23:03:50','2020-06-27 15:40:45'),(14,12,6,'Assumenda est sint aut est natus. Dolores similique iure a et. Corporis quo temporibus voluptatibus sint omnis autem delectus nihil. Iusto numquam beatae mollitia sequi. Quibusdam ratione rem necessitatibus.',0,0,'2019-02-11 03:28:57','2020-06-27 15:40:45'),(15,94,53,'Magnam aut suscipit et enim dolorem non. Assumenda incidunt autem dolor rerum. Rerum quae ea non adipisci pariatur. Neque necessitatibus nobis beatae molestias cupiditate facere voluptatem voluptate.',0,0,'2002-10-26 22:04:59','2020-06-27 15:40:45'),(16,80,40,'Et et cupiditate consequatur enim necessitatibus ut. Explicabo consequatur vero quia accusamus officia reiciendis. Minus culpa ut earum aliquid tempore.',0,0,'1971-08-05 23:45:38','2020-06-27 15:40:45'),(17,60,80,'Necessitatibus eveniet aliquid ab numquam. Rerum voluptatem iure harum animi nihil. Dolorum est iste delectus suscipit molestiae.',1,1,'1997-07-31 12:31:53','2020-06-27 15:40:45'),(18,20,57,'Quas dolore distinctio minima et expedita inventore rerum. Fugiat aut non adipisci corrupti iure itaque sint. Similique est ex quibusdam ad. Quis expedita quia quas qui voluptates fugit vitae.',0,0,'1972-01-19 02:20:25','2020-06-27 15:40:45'),(19,28,65,'Dolore ipsa sequi quas reprehenderit alias iure. Corrupti ut doloremque aliquam quidem consequatur. Dolores asperiores ducimus exercitationem labore magnam dolor.',1,1,'1992-08-09 19:23:24','2020-06-27 15:40:45'),(20,42,17,'Atque quo nam vel magni fugit qui. Doloremque earum aliquid omnis earum aut fuga autem. Asperiores omnis porro voluptas id.',0,0,'1989-12-17 12:36:13','2020-06-27 15:40:45'),(21,55,24,'Inventore officiis omnis qui. Ea nemo repellat laudantium voluptatem quia doloribus quos. Soluta iure consequatur aliquam praesentium quo a numquam corrupti. Itaque iure tempore dolore quia.',0,1,'1998-09-09 03:25:47','2020-06-27 15:40:45'),(22,55,2,'Necessitatibus laborum quae vero saepe omnis est consequatur. Quis eum corporis voluptas et vitae voluptas itaque. Aut id consectetur iste quia sequi enim in hic. Dolorem nisi ipsa ipsa.',1,0,'2014-03-04 09:07:15','2020-06-27 15:40:45'),(23,47,25,'Dolorem eveniet rerum et reiciendis dignissimos. Quis et aut at aut molestias voluptatum. Minus quas aliquid dolores amet maiores non deleniti veniam.',0,0,'1974-07-05 22:25:19','2020-06-27 15:40:45'),(24,86,54,'Sint facere veritatis et voluptatem et. Praesentium illo ut a ducimus natus. Debitis dolor ut ut magni fuga. Possimus dolorum nostrum sed sint. Sit quis debitis quia ea quia et praesentium.',1,1,'1979-01-15 02:15:26','2020-06-27 15:40:45'),(25,9,85,'Modi in voluptatem rem repellendus doloremque. Rerum quae soluta et amet possimus omnis. Voluptatibus praesentium cupiditate dolores illo quos quae.',0,1,'1993-12-13 09:09:29','2020-06-27 15:40:45'),(26,97,30,'Nam dolores aut nam nobis dolores numquam. Officia voluptate ipsum id sit quo exercitationem qui.',1,0,'1981-07-27 23:42:21','2020-06-27 15:40:45'),(27,58,97,'Nesciunt cum occaecati exercitationem eum. Debitis eum sit omnis. Qui vel quisquam et facilis et non qui earum.',1,1,'2015-12-18 03:33:07','2020-06-27 15:40:45'),(28,14,79,'Harum rerum sit tempora facere. Laborum dolorum quos voluptas blanditiis. Asperiores mollitia laudantium rerum aut.',0,0,'1988-09-03 19:42:20','2020-06-27 15:40:45'),(29,50,13,'Nemo qui accusantium enim autem consectetur doloribus. Eos non sed sunt aut ut occaecati ut qui.',0,0,'1976-02-15 08:37:06','2020-06-27 15:40:45'),(30,13,28,'Sequi perspiciatis dolores voluptatum consequatur. Sed qui qui quam. Nemo corporis similique laborum. Possimus quia veniam ad et aut et.',1,0,'2004-09-12 14:14:13','2020-06-27 15:40:45'),(31,99,13,'Aut odit quaerat tempora sint saepe velit. Sint sed minus beatae et. Expedita aut provident fuga soluta tempore molestiae. Ducimus magnam autem omnis voluptas placeat modi eligendi.',1,1,'1983-02-13 01:54:12','2020-06-27 15:40:45'),(32,64,84,'Praesentium explicabo qui inventore veniam assumenda aut. Nemo omnis rem nisi aut. Qui accusantium dolores sint quia ut.',0,0,'1990-06-30 13:33:12','2020-06-27 15:40:45'),(33,26,78,'Dolorum excepturi et sed. Rerum quibusdam incidunt aut cum qui.',1,0,'2005-10-20 11:59:25','2020-06-27 15:40:45'),(34,12,24,'Totam voluptates eaque ratione dolorem molestias unde. Et quia iste ea cupiditate. Quis dolorem consectetur veritatis architecto minus neque a consectetur.',1,0,'2010-12-24 23:41:52','2020-06-27 15:40:45'),(35,84,49,'Sed ducimus cumque quasi accusamus asperiores. Eius aut minima rerum minus praesentium. Provident et fugiat in ut commodi.',1,1,'2014-07-29 07:40:03','2020-06-27 15:40:45'),(36,92,10,'Molestiae culpa aut ipsum veritatis consectetur. Dolores voluptates quod laudantium amet ullam est ex. Corrupti rerum doloribus vero omnis. Perferendis sint sit repellendus est omnis magni omnis aut.',1,0,'2005-04-18 16:50:09','2020-06-27 15:40:45'),(37,76,48,'Pariatur consequatur sed aut vero quis consectetur. Occaecati quia dolore quo eius dolor laboriosam. Commodi similique corrupti maxime ipsum libero.',0,0,'1978-09-25 10:32:57','2020-06-27 15:40:45'),(38,11,11,'Blanditiis consequatur rerum aut consequatur. Dolor occaecati iste molestiae vero in itaque voluptates. Maiores et ipsa laudantium enim. Quidem nostrum quia et ea eaque facilis.',1,1,'1985-11-29 13:55:20','2020-06-27 15:40:45'),(39,20,66,'Amet at et aut minima cumque totam. Praesentium enim natus laudantium molestiae perferendis consequatur. Nihil cupiditate provident nisi. Nemo aut pariatur facere officia deleniti blanditiis nobis error.',0,0,'2009-10-07 08:07:11','2020-06-27 15:40:45'),(40,70,54,'Id sit dicta quo quia qui. Quam et ut incidunt magnam sed sunt. Dolores laboriosam minus consequatur iure velit.',0,1,'2006-12-18 10:37:24','2020-06-27 15:40:45'),(41,58,26,'Id sed qui dolorem. Ex dolor sit illo et. Omnis asperiores a accusantium.',1,1,'1983-07-16 23:46:44','2020-06-27 15:40:45'),(42,55,95,'Est est id sint et a veritatis. Quia esse sit quas omnis. Ut ratione aut ad inventore laboriosam nulla. Fuga pariatur consequatur aliquam laborum eum.',1,1,'2001-11-30 20:02:47','2020-06-27 15:40:45'),(43,13,80,'Dolorum voluptas inventore ut numquam et sit id. Aut in in sunt delectus rerum. Et iure sequi architecto rerum asperiores. Et at assumenda vel voluptate aliquid.',1,1,'2011-02-15 19:05:15','2020-06-27 15:40:45'),(44,59,56,'Aut ratione consectetur ea iusto incidunt labore explicabo. Ut et reprehenderit doloribus veritatis. A enim sed vel facere sed. Officiis non est veritatis dolor nihil soluta officiis non.',0,1,'1988-04-30 06:40:15','2020-06-27 15:40:45'),(45,1,36,'Consequatur expedita quia enim qui voluptatum. Enim ratione ex a facere qui impedit. Veniam eveniet at doloremque nulla mollitia quia quis. Distinctio consequatur est a repudiandae.',0,1,'1973-09-28 15:22:52','2020-06-27 15:40:45'),(46,78,81,'Et unde quia molestias vel similique amet odio. Ducimus veritatis nobis vel. Dolor dolor sint est sit saepe eaque. Ea recusandae amet aut veniam aut enim.',1,0,'1972-06-17 04:32:45','2020-06-27 15:40:45'),(47,70,7,'Qui soluta iste praesentium qui libero autem. Molestias sed dolorum provident ratione nostrum ut. Placeat iste aut nisi rerum rerum sint. Et velit praesentium tempora voluptatem voluptas omnis.',1,1,'2017-09-11 21:37:38','2020-06-27 15:40:45'),(48,23,95,'Reprehenderit accusantium delectus non quos inventore architecto et. Et accusantium cupiditate quia at. Tempora earum explicabo saepe consequuntur atque in atque.',0,1,'1995-07-28 03:14:44','2020-06-27 15:40:45'),(49,6,46,'Possimus ipsa modi esse natus. Beatae iusto dolores assumenda adipisci voluptatem laborum ipsa. Tempora aut aut assumenda ratione aliquam. Sunt nulla sint mollitia voluptates optio placeat minus. Aliquid omnis et doloremque unde.',1,0,'2015-10-15 19:30:46','2020-06-27 15:40:45'),(50,9,5,'Nihil dolor earum beatae impedit sit. Ullam ea veritatis maxime. Sint iure minima maxime ea. Et corporis numquam beatae possimus.',1,0,'1994-10-03 09:09:59','2020-06-27 15:40:45'),(51,100,83,'Rerum quasi omnis ipsa recusandae recusandae atque. Tempore voluptas alias ut deserunt eligendi quia. Qui fuga ea saepe aliquam aut minus qui.',0,1,'1983-02-12 10:34:02','2020-06-27 15:40:45'),(52,17,34,'Est animi consequatur animi est odit rerum non reiciendis. Nobis cumque ea aut quidem quia ut. Laudantium sed doloremque facilis exercitationem. Unde dignissimos eligendi et eius consequuntur. Enim necessitatibus tempore iste.',1,0,'1988-10-07 04:40:03','2020-06-27 15:40:45'),(53,17,85,'Maxime nulla cupiditate distinctio illo molestias. Explicabo ut occaecati consequatur voluptas possimus consectetur. Amet enim esse sit tempore placeat. Aliquam laudantium consequuntur recusandae dolorem maxime optio. Quia ut cumque reiciendis cumque.',1,0,'1981-10-18 12:02:20','2020-06-27 15:40:45'),(54,71,1,'Quia tempore est quia sapiente. Sed tenetur sed eveniet fugiat provident soluta voluptate. Tempore cum dolor veniam cupiditate qui suscipit.',1,0,'2012-04-30 21:53:55','2020-06-27 15:40:45'),(55,90,46,'Odio eligendi dicta vel qui aspernatur. Dolore qui minus cupiditate aliquid veritatis ab. Aut natus dolorum optio asperiores. Ut quibusdam animi unde fugit accusantium aut.',1,0,'2018-06-28 00:44:00','2020-06-27 15:40:45'),(56,63,73,'Pariatur nihil voluptas rerum adipisci animi dolor occaecati. Tenetur ea quibusdam et sit. Sapiente quam quia et nisi quis. Asperiores minima harum quia rerum molestiae.',1,1,'2008-01-09 20:57:27','2020-06-27 15:40:45'),(57,76,63,'Dolorem mollitia deleniti voluptatem hic similique. Magnam praesentium ut ea eum mollitia dolorem minus voluptas. At et eligendi magni quibusdam fuga incidunt.',0,1,'1996-01-31 21:41:45','2020-06-27 15:40:45'),(58,83,27,'Cumque blanditiis doloribus officiis ut voluptate maiores sint. Possimus dolorem tenetur officia. Qui omnis quia vel natus inventore placeat fuga tenetur.',1,0,'2010-06-15 20:19:59','2020-06-27 15:40:45'),(59,85,43,'Et est voluptas rerum provident suscipit sit eligendi. Qui itaque ad qui aut odio magnam repellendus labore. Et eius exercitationem vero quaerat a placeat.',0,1,'2008-01-26 05:30:13','2020-06-27 15:40:45'),(60,61,73,'Quisquam voluptatem libero eius aliquid rem aut aspernatur. Aperiam sequi autem quod ut consequatur incidunt odit. Rerum cum culpa commodi et officiis fugit optio.',0,0,'2012-12-29 09:07:28','2020-06-27 15:40:45'),(61,82,91,'Est perferendis aut saepe. Voluptatem quia voluptas rerum praesentium. Eos quam fuga est minus quidem.',1,0,'1987-01-28 05:47:13','2020-06-27 15:40:45'),(62,9,71,'Dolores aut reiciendis aut rerum. Cupiditate ullam ipsam sequi quam mollitia nisi. Rem consequatur voluptate voluptatem voluptas. Ut porro molestiae voluptate dolore.',1,1,'1993-04-08 12:28:00','2020-06-27 15:40:45'),(63,29,31,'Eos consequuntur placeat dolorum ad. Temporibus nisi ea eveniet ad rem nihil nostrum. Voluptates praesentium nisi quas odit eum. A consectetur expedita id omnis saepe sed architecto.',1,1,'2000-08-24 19:13:09','2020-06-27 15:40:45'),(64,67,41,'Eius reiciendis natus ut. Mollitia omnis labore qui quia. Facilis dolor laudantium deserunt unde corporis eum nemo.',0,0,'1994-11-26 07:46:19','2020-06-27 15:40:45'),(65,3,92,'Cupiditate pariatur assumenda consequatur repellendus dolor. Omnis harum dolorum qui enim eum dolor. Minus sunt enim ad ipsa.',1,0,'2006-09-27 14:59:47','2020-06-27 15:40:45'),(66,50,73,'Accusantium facilis rem consequatur veritatis. Dolor excepturi et atque libero. Sed provident ullam architecto possimus consequuntur tempore. Nostrum totam qui veritatis nihil voluptatem id.',1,0,'2011-06-26 10:40:57','2020-06-27 15:40:45'),(67,13,47,'Aut itaque qui nemo quasi maiores. Perspiciatis excepturi commodi alias modi earum aut. Hic quae omnis natus dignissimos. Molestiae atque eligendi aperiam a ipsa.',0,1,'2001-03-23 14:09:00','2020-06-27 15:40:45'),(68,95,36,'Incidunt consequatur alias dolorem consectetur perferendis eum cumque voluptatibus. Porro laborum saepe et.',0,0,'1994-05-02 23:09:00','2020-06-27 15:40:45'),(69,93,55,'Earum excepturi delectus est esse a tempora architecto. Perspiciatis inventore sit aut corporis illo modi ea. Incidunt ab dicta quos consequatur nemo illo. Fugit fugiat cumque aut veritatis voluptates blanditiis.',0,0,'1993-08-18 01:45:20','2020-06-27 15:40:45'),(70,98,25,'Amet vel alias ea voluptate eveniet. Ea nobis omnis repellat adipisci ut voluptatem. Voluptates reiciendis nemo maiores voluptas ut commodi. Numquam tempore ducimus veritatis explicabo molestiae expedita.',0,0,'1995-02-03 08:19:06','2020-06-27 15:40:45'),(71,30,76,'Voluptates omnis culpa consequatur. Ab nihil velit rem quae necessitatibus suscipit. Veritatis est corrupti ipsum dolorem.',0,0,'2003-12-04 08:14:46','2020-06-27 15:40:45'),(72,89,14,'Ex id alias molestiae. Et eum esse eius ut dolores consequatur at. Repellat molestiae et et.',1,0,'1976-04-21 03:37:29','2020-06-27 15:40:45'),(73,3,73,'Voluptas illum omnis dolor quod. Neque saepe doloribus laboriosam. Laboriosam nostrum officiis culpa deleniti ut itaque.',1,0,'1992-09-20 14:19:26','2020-06-27 15:40:45'),(74,56,59,'Debitis sed dignissimos in ut maxime. Repudiandae animi iure magni.',1,0,'1993-01-19 07:52:52','2020-06-27 15:40:45'),(75,25,50,'Quisquam eum a repellat sit voluptas. Porro eaque deleniti ea aut fugit voluptatem. Ut officia non laudantium.',0,1,'1992-07-02 10:28:34','2020-06-27 15:40:45'),(76,76,26,'Facilis cumque architecto impedit quae inventore sunt corporis. Quos quia est sit fugiat ut omnis. Tenetur laborum repellendus reprehenderit.',1,1,'1972-08-25 12:53:13','2020-06-27 15:40:45'),(77,4,42,'Tenetur necessitatibus quibusdam voluptates rerum. Sint distinctio quo laborum nesciunt quidem et et. Velit et mollitia in.',0,0,'1994-07-15 07:24:30','2020-06-27 15:40:45'),(78,97,60,'Non omnis sequi excepturi dolorem. Molestiae qui qui amet deleniti. Vel consequatur dolores suscipit reiciendis consequatur quaerat debitis. Praesentium cupiditate sequi optio tempore nesciunt.',1,0,'1975-06-30 23:39:21','2020-06-27 15:40:45'),(79,5,47,'Ut ad nesciunt hic temporibus qui. Rem eos quod non sed aut possimus modi. Omnis eius placeat dignissimos aliquam animi quo. Dolores veritatis exercitationem sit voluptatem odio blanditiis aut id.',0,1,'2016-07-22 04:15:03','2020-06-27 15:40:45'),(80,21,60,'Non sint natus qui omnis. Suscipit sed quis harum odio amet expedita harum. Laudantium dicta praesentium doloribus perspiciatis sint.',0,1,'1978-09-18 19:21:26','2020-06-27 15:40:45'),(81,39,14,'Et sunt occaecati iste consectetur eaque dolor voluptatem et. Earum molestias et autem veritatis dolore qui pariatur. Debitis et id sapiente et alias. Quia eos et officia ad.',0,1,'1986-08-03 07:18:03','2020-06-27 15:40:45'),(82,54,25,'Molestiae molestiae ut et aperiam aperiam nostrum quia. Velit cumque adipisci officiis dolorum nostrum eum suscipit. Omnis qui cum praesentium alias omnis quos qui quia. Mollitia dolore placeat id cumque natus deserunt repudiandae.',1,1,'2008-06-12 09:55:41','2020-06-27 15:40:45'),(83,64,45,'Quo dolorem dolor temporibus fuga maiores nihil. Sint laborum at neque unde omnis ipsa et. Magnam soluta eum odio sed asperiores facilis aut.',0,1,'1988-07-08 10:36:00','2020-06-27 15:40:45'),(84,30,16,'Repellat id labore commodi vel hic. Quia id aliquid est ad quia. Odit culpa molestiae omnis nesciunt alias necessitatibus qui eius.',1,0,'1995-06-02 18:24:04','2020-06-27 15:40:45'),(85,91,6,'Omnis illum qui quis explicabo dolores. Sequi et doloremque sit aut inventore in ut non. Optio animi voluptas nesciunt repellendus.',0,1,'1984-12-06 06:08:51','2020-06-27 15:40:45'),(86,56,62,'Eaque voluptas velit commodi voluptatem magni aperiam et. Sed odit soluta optio necessitatibus reiciendis. Voluptas consequatur qui ut non reprehenderit.',1,1,'1983-11-01 12:06:24','2020-06-27 15:40:45'),(87,39,12,'Dolores assumenda atque sint porro iure. Id culpa pariatur expedita voluptatem sit. Deserunt autem sint delectus.',0,1,'2001-04-23 15:58:43','2020-06-27 15:40:45'),(88,41,70,'Impedit voluptatem accusamus nihil facere esse architecto doloribus maiores. Officia doloremque blanditiis et amet accusamus voluptas delectus animi. Non adipisci quae et quae rerum molestias laboriosam. Repellat quasi labore ea error eum nisi autem incidunt.',0,0,'2012-04-08 05:54:32','2020-06-27 15:40:45'),(89,28,26,'Qui id dolor nihil omnis. Nihil soluta neque vel sed incidunt unde architecto. Et vero placeat eveniet et explicabo rerum ut ut. Corporis magni enim et recusandae.',1,1,'2001-12-02 01:46:28','2020-06-27 15:40:45'),(90,47,55,'Illo voluptatem voluptatem facere deserunt odit laudantium itaque aut. Eveniet molestias quidem in optio itaque voluptatem. Autem reiciendis facilis ea est vel dignissimos rerum provident. Quo ut neque dolor provident.',1,1,'1995-03-06 15:32:43','2020-06-27 15:40:45'),(91,33,99,'Rerum aliquam atque beatae aliquid veritatis ut. Dignissimos officia a sunt praesentium quibusdam quia. Vero fuga quidem amet excepturi eos et facere placeat. Ipsa totam nihil temporibus velit omnis.',0,0,'2012-08-07 22:21:16','2020-06-27 15:40:45'),(92,98,93,'Quia facere voluptatibus qui delectus. Fugiat totam reprehenderit aut. Est minus facere dolorem similique cum sit itaque quis. Aut ut perspiciatis blanditiis.',1,1,'2000-03-21 23:47:33','2020-06-27 15:40:45'),(93,70,70,'Impedit necessitatibus natus officiis omnis repellat. Voluptates non veritatis accusamus quis voluptates iure rerum. Quia quisquam voluptatibus praesentium aut maxime non dignissimos.',0,0,'2018-05-24 17:02:24','2020-06-27 15:40:45'),(94,40,89,'Rerum eos magni rerum fugit rem laboriosam explicabo enim. Nihil neque voluptatem et ex. Facilis libero vel accusamus aut praesentium libero.',1,1,'1976-06-12 15:34:04','2020-06-27 15:40:45'),(95,24,54,'Et iure dolorum occaecati pariatur. Quo facere non corrupti ea hic dignissimos et. Similique exercitationem est incidunt velit facere fugit eos. Facere magni ullam perspiciatis esse illo explicabo.',0,1,'1989-01-17 08:49:42','2020-06-27 15:40:45'),(96,97,22,'Explicabo temporibus corrupti id et eveniet similique. Et assumenda itaque sed ea dolor. Vero eligendi ab occaecati itaque quia quibusdam et. Qui velit error praesentium corrupti deleniti voluptatem labore.',0,0,'1986-02-27 17:31:58','2020-06-27 15:40:45'),(97,20,31,'Aperiam ut ducimus sit excepturi explicabo ea sit. Voluptate nihil placeat enim eum explicabo ipsa omnis. Eos voluptatem voluptatem enim nemo modi. Voluptas aut unde qui minima ut saepe.',0,0,'2002-10-16 06:29:19','2020-06-27 15:40:45'),(98,97,93,'Suscipit adipisci asperiores et perspiciatis facilis maiores odio. Eveniet odit labore aut architecto ratione quibusdam. Dolores nulla sequi et cum officia.',0,0,'1984-05-14 19:34:47','2020-06-27 15:40:45'),(99,70,71,'Eaque ab inventore repellendus quia ut. Animi facere aut fugit et. Quia nam maxime voluptatem voluptate similique. Commodi consequatur nulla ipsa architecto qui est.',0,0,'1989-12-16 12:23:47','2020-06-27 15:40:45'),(100,46,16,'Et quia saepe sequi autem enim aut quo. Et numquam et rerum quae maxime. Tenetur voluptatem et unde praesentium. Quas earum in in in temporibus quibusdam et. Voluptas et consequatur quasi maxime aut aut.',1,0,'1970-11-28 16:29:46','2020-06-27 15:40:45');
/*!40000 ALTER TABLE `messages` ENABLE KEYS */;
UNLOCK TABLES;

--
-- Table structure for table `profiles`
--

DROP TABLE IF EXISTS `profiles`;
/*!40101 SET @saved_cs_client     = @@character_set_client */;
 SET character_set_client = utf8mb4 ;
CREATE TABLE `profiles` (
  `user_id` int(10) unsigned NOT NULL COMMENT 'Ссылка на пользователя',
  `gender` char(1) CHARACTER SET utf8 COLLATE utf8_unicode_ci NOT NULL COMMENT 'Пол',
  `birthday` date DEFAULT NULL COMMENT 'Дата рождения',
  `photo_id` int(10) unsigned DEFAULT NULL COMMENT 'Ссылка на основную фотографию пользователя',
  `city` varchar(130) CHARACTER SET utf8 COLLATE utf8_unicode_ci DEFAULT NULL COMMENT 'Город проживания',
  `country` varchar(130) CHARACTER SET utf8 COLLATE utf8_unicode_ci DEFAULT NULL COMMENT 'Страна проживания',
  `created_at` datetime DEFAULT CURRENT_TIMESTAMP COMMENT 'Время создания строки',
  `updated_at` datetime DEFAULT CURRENT_TIMESTAMP ON UPDATE CURRENT_TIMESTAMP COMMENT 'Время обновления строки',
  PRIMARY KEY (`user_id`)
) ENGINE=InnoDB DEFAULT CHARSET=utf8 COLLATE=utf8_unicode_ci COMMENT='Профили';
/*!40101 SET character_set_client = @saved_cs_client */;

--
-- Dumping data for table `profiles`
--

LOCK TABLES `profiles` WRITE;
/*!40000 ALTER TABLE `profiles` DISABLE KEYS */;
INSERT INTO `profiles` VALUES (1,'f','2016-02-17',12,'Stephonland','Germany','2015-02-06 15:15:48','2020-06-27 15:40:45'),(2,'f','1994-06-23',91,'East Weldonview','Belarus','1972-10-25 05:39:55','2020-06-27 15:40:45'),(3,'f','1987-03-12',16,'Lioneltown','Russian Federation','2012-07-25 18:57:22','2020-06-27 15:40:45'),(4,'f','1980-05-19',8,'Darleneburgh','Belarus','1985-06-01 23:18:32','2020-06-27 15:40:45'),(5,'f','2003-12-15',89,'Gracielachester','Belarus','1985-01-21 13:28:00','2020-06-27 15:40:45'),(6,'f','1970-05-23',23,'Joyshire','Belarus','2012-04-25 16:41:46','2020-06-27 15:40:45'),(7,'m','1989-09-26',46,'North Luthershire','Belarus','2006-02-12 01:32:23','2020-06-27 15:40:45'),(8,'m','2016-03-03',62,'Port Destinee','Russian Federation','2003-09-05 05:30:23','2020-06-27 15:40:45'),(9,'f','1999-09-22',72,'West Faustino','Russian Federation','2004-04-10 02:14:50','2020-06-27 15:40:45'),(10,'f','2001-02-15',73,'East Lambert','Belarus','1998-07-04 18:41:56','2020-06-27 15:40:45'),(11,'m','2020-06-22',49,'Lake Kaneville','Germany','1975-04-21 05:17:11','2020-06-27 15:40:45'),(12,'f','1984-02-20',27,'Creminmouth','Belarus','2004-05-04 21:48:09','2020-06-27 15:40:45'),(13,'m','1981-05-19',87,'East Cletatown','Russian Federation','1977-10-22 00:35:20','2020-06-27 15:40:45'),(14,'m','1973-12-15',51,'Russelberg','Russian Federation','1993-04-26 20:14:38','2020-06-27 15:40:45'),(15,'f','2005-09-26',95,'East Laurence','Belarus','2003-07-20 02:12:11','2020-06-27 15:40:45'),(16,'m','2004-12-05',20,'Cooperborough','Russian Federation','1972-10-31 22:37:57','2020-06-27 15:40:45'),(17,'f','2013-09-28',18,'Reingerton','Belarus','2015-07-08 01:41:48','2020-06-27 15:40:45'),(18,'m','1985-10-25',26,'New Sienna','Germany','1979-04-22 02:41:52','2020-06-27 15:40:45'),(19,'m','1996-12-12',75,'South Harveyview','Germany','1974-06-23 18:26:43','2020-06-27 15:40:45'),(20,'m','1994-09-20',97,'Vandervorthaven','Belarus','2017-04-22 22:01:13','2020-06-27 15:40:45'),(21,'f','2008-01-01',61,'Pricemouth','Germany','1990-03-26 18:50:48','2020-06-27 15:40:45'),(22,'f','1988-06-27',14,'South Leopoldo','Belarus','2003-01-07 19:52:16','2020-06-27 15:40:45'),(23,'m','2002-04-22',84,'Nicholasmouth','Germany','1975-08-20 06:20:10','2020-06-27 15:40:45'),(24,'m','1982-10-22',77,'Port Macmouth','Russian Federation','1987-04-16 11:51:53','2020-06-27 15:40:45'),(25,'m','1976-03-04',36,'Kuhicville','Russian Federation','1975-02-14 22:54:18','2020-06-27 15:40:45'),(26,'f','1994-12-25',45,'Port Vickie','Belarus','2012-07-03 12:46:44','2020-06-27 15:40:45'),(27,'f','2019-02-05',19,'North Corbin','Russian Federation','1978-03-22 00:39:18','2020-06-27 15:40:45'),(28,'f','1973-12-30',61,'Gulgowskiberg','Belarus','1993-11-11 01:32:29','2020-06-27 15:40:45'),(29,'f','1972-03-27',44,'Frankburgh','Russian Federation','1981-12-22 13:28:20','2020-06-27 15:40:45'),(30,'m','1994-01-07',40,'Barrowsfurt','Germany','2016-07-27 13:31:28','2020-06-27 15:40:45'),(31,'m','1988-02-16',65,'Theodorastad','Germany','1988-07-23 06:48:36','2020-06-27 15:40:45'),(32,'m','2008-06-17',4,'Denaview','Belarus','1991-05-16 09:19:43','2020-06-27 15:40:45'),(33,'f','2008-07-19',25,'Leschfort','Germany','1983-07-06 06:53:48','2020-06-27 15:40:45'),(34,'m','1989-07-20',12,'New Kayli','Russian Federation','2018-08-17 08:58:23','2020-06-27 15:40:45'),(35,'m','1973-12-14',86,'Medhursthaven','Russian Federation','1992-12-03 00:39:32','2020-06-27 15:40:45'),(36,'m','1975-12-10',91,'North Chase','Germany','2013-12-24 02:19:47','2020-06-27 15:40:45'),(37,'f','2000-06-04',97,'Ramonastad','Germany','1970-09-18 20:21:00','2020-06-27 15:40:45'),(38,'f','1997-03-10',13,'New Jaida','Russian Federation','1987-06-02 21:34:04','2020-06-27 15:40:45'),(39,'m','1994-06-02',71,'East Christ','Germany','1984-11-28 10:29:00','2020-06-27 15:40:45'),(40,'f','2012-05-14',17,'North Dashawn','Germany','1975-02-20 15:42:03','2020-06-27 15:40:45'),(41,'f','1994-07-13',69,'Juliaside','Belarus','2012-06-23 17:03:28','2020-06-27 15:40:45'),(42,'m','1999-04-29',96,'Bahringerberg','Germany','1972-03-05 01:58:52','2020-06-27 15:40:45'),(43,'f','1987-01-12',73,'Hassanport','Germany','2013-07-28 18:29:43','2020-06-27 15:40:45'),(44,'f','1983-07-19',74,'Mohammadside','Germany','2017-04-29 21:04:24','2020-06-27 15:40:45'),(45,'f','1971-08-31',52,'Lake Cristian','Russian Federation','1991-04-27 23:44:54','2020-06-27 15:40:45'),(46,'f','2003-09-24',36,'Tylerhaven','Germany','1976-08-24 01:44:27','2020-06-27 15:40:45'),(47,'m','1980-05-03',25,'Port Laverna','Germany','1970-10-04 17:03:21','2020-06-27 15:40:45'),(48,'f','1978-11-28',15,'Kristyville','Germany','2007-03-12 23:16:12','2020-06-27 15:40:45'),(49,'m','1994-09-22',100,'Alexandrialand','Belarus','2003-09-10 10:58:10','2020-06-27 15:40:45'),(50,'m','1980-09-27',56,'Aylinfort','Belarus','2008-02-19 07:44:24','2020-06-27 15:40:45'),(51,'m','2004-03-25',77,'Judyshire','Russian Federation','1983-12-31 22:29:15','2020-06-27 15:40:45'),(52,'m','2000-08-25',18,'Murphyhaven','Russian Federation','1995-07-11 17:25:37','2020-06-27 15:40:45'),(53,'m','2002-04-06',59,'Lake Artfort','Russian Federation','1978-03-07 14:32:16','2020-06-27 15:40:45'),(54,'f','1991-02-16',40,'DuBuqueside','Germany','2000-07-16 03:08:58','2020-06-27 15:40:45'),(55,'m','1981-12-26',21,'West Lavern','Germany','1979-12-12 14:12:06','2020-06-27 15:40:45'),(56,'m','2007-01-22',87,'Glenview','Belarus','2015-11-11 22:52:29','2020-06-27 15:40:45'),(57,'f','2011-01-08',70,'West Davinfort','Belarus','2019-03-17 15:16:53','2020-06-27 15:40:45'),(58,'f','1973-10-13',90,'New Goldenmouth','Germany','2018-03-01 11:50:36','2020-06-27 15:40:45'),(59,'f','1991-09-17',39,'Rippinberg','Belarus','1988-01-03 23:43:04','2020-06-27 15:40:45'),(60,'f','1977-12-31',24,'Morrismouth','Germany','2000-04-06 11:22:04','2020-06-27 15:40:45'),(61,'f','1993-02-03',4,'South Aydenshire','Germany','1993-05-27 17:10:18','2020-06-27 15:40:45'),(62,'m','1991-08-21',48,'East Arvidside','Germany','2009-02-06 21:18:50','2020-06-27 15:40:45'),(63,'f','2007-11-06',27,'Margetown','Germany','2011-01-29 09:00:51','2020-06-27 15:40:45'),(64,'f','2010-02-19',91,'Carletonchester','Germany','1994-08-11 07:25:25','2020-06-27 15:40:45'),(65,'m','1988-06-27',74,'Reillyland','Belarus','1982-05-22 19:49:51','2020-06-27 15:40:45'),(66,'m','2011-12-24',97,'Port Chauncey','Russian Federation','1989-05-25 06:21:01','2020-06-27 15:40:45'),(67,'f','1990-03-31',60,'South Jaden','Germany','1980-09-09 04:15:02','2020-06-27 15:40:45'),(68,'m','1997-12-23',10,'Dooleyfort','Belarus','1981-04-07 03:22:50','2020-06-27 15:40:45'),(69,'f','2009-06-06',67,'New Glennaport','Germany','2019-12-01 06:49:18','2020-06-27 15:40:45'),(70,'m','2013-02-05',8,'Zulaufton','Germany','1986-12-15 15:40:57','2020-06-27 15:40:45'),(71,'f','1974-02-23',35,'Kundemouth','Belarus','1981-04-10 15:15:33','2020-06-27 15:40:45'),(72,'f','1996-04-04',54,'Dameonfort','Germany','2006-04-02 22:46:07','2020-06-27 15:40:45'),(73,'f','2006-05-17',62,'East Dantebury','Russian Federation','2001-04-06 23:52:57','2020-06-27 15:40:45'),(74,'f','1979-10-19',49,'Maceymouth','Russian Federation','1977-04-26 18:17:31','2020-06-27 15:40:45'),(75,'m','2015-09-02',57,'Dawsonside','Belarus','2012-05-01 04:46:33','2020-06-27 15:40:45'),(76,'m','1996-04-22',40,'Ephraimburgh','Russian Federation','1999-01-21 06:55:09','2020-06-27 15:40:45'),(77,'f','1996-05-01',28,'New Wilmamouth','Belarus','2019-09-08 18:28:11','2020-06-27 15:40:45'),(78,'f','1974-07-06',17,'New Bethanymouth','Russian Federation','2006-10-25 18:57:01','2020-06-27 15:40:45'),(79,'f','1983-06-08',2,'North Morris','Russian Federation','2019-11-11 13:54:03','2020-06-27 15:40:45'),(80,'f','1982-01-16',58,'Dibbertton','Russian Federation','2001-10-24 11:00:32','2020-06-27 15:40:45'),(81,'f','2012-07-01',86,'Port Anissa','Germany','2001-01-06 21:12:38','2020-06-27 15:40:45'),(82,'f','2013-07-02',53,'Lake Eddie','Germany','1993-04-25 10:03:14','2020-06-27 15:40:45'),(83,'m','1985-05-08',7,'Port Petestad','Belarus','2009-03-24 06:17:41','2020-06-27 15:40:45'),(84,'f','2008-11-06',77,'Kulasfurt','Russian Federation','2003-10-17 07:31:59','2020-06-27 15:40:45'),(85,'m','1994-03-16',60,'East Melyssaburgh','Belarus','2009-02-24 19:30:31','2020-06-27 15:40:45'),(86,'f','2016-02-21',72,'East Misael','Russian Federation','2005-03-16 16:15:26','2020-06-27 15:40:45'),(87,'m','2019-03-27',79,'West Eloiseland','Russian Federation','1995-03-28 14:27:39','2020-06-27 15:40:45'),(88,'f','1993-02-20',78,'Velvamouth','Germany','2002-10-24 20:33:56','2020-06-27 15:40:45'),(89,'f','2008-08-04',51,'New Greg','Belarus','2018-11-03 03:00:19','2020-06-27 15:40:45'),(90,'m','1981-08-22',20,'Port Ronfort','Belarus','2007-05-16 14:32:01','2020-06-27 15:40:45'),(91,'f','1972-11-09',47,'Valentinafort','Belarus','2002-12-11 00:43:08','2020-06-27 15:40:45'),(92,'m','1971-11-02',74,'Lake Dedric','Russian Federation','1997-05-23 18:11:26','2020-06-27 15:40:45'),(93,'m','1973-01-01',29,'O\'Haraburgh','Germany','2012-05-10 08:12:26','2020-06-27 15:40:45'),(94,'m','1992-03-08',24,'South Seth','Russian Federation','2007-07-15 10:22:48','2020-06-27 15:40:45'),(95,'f','2017-12-29',32,'Jastmouth','Russian Federation','1988-10-25 00:33:26','2020-06-27 15:40:45'),(96,'f','2001-08-20',86,'Paucekbury','Germany','2007-06-23 01:57:28','2020-06-27 15:40:45'),(97,'f','2016-08-08',36,'Goldnerbury','Russian Federation','2007-01-02 10:48:36','2020-06-27 15:40:45'),(98,'f','2009-11-20',22,'Zboncakburgh','Germany','1970-09-15 04:21:19','2020-06-27 15:40:45'),(99,'f','1979-05-03',1,'South Rethahaven','Germany','1996-06-11 07:24:23','2020-06-27 15:40:45'),(100,'m','1986-08-18',40,'West Rosemarieburgh','Russian Federation','2006-12-09 15:11:19','2020-06-27 15:40:45');
/*!40000 ALTER TABLE `profiles` ENABLE KEYS */;
UNLOCK TABLES;

--
-- Table structure for table `users`
--

DROP TABLE IF EXISTS `users`;
/*!40101 SET @saved_cs_client     = @@character_set_client */;
 SET character_set_client = utf8mb4 ;
CREATE TABLE `users` (
  `id` int(10) unsigned NOT NULL AUTO_INCREMENT COMMENT 'Идентификатор строки',
  `first_name` varchar(100) CHARACTER SET utf8 COLLATE utf8_unicode_ci NOT NULL COMMENT 'Имя пользователя',
  `last_name` varchar(100) CHARACTER SET utf8 COLLATE utf8_unicode_ci NOT NULL COMMENT 'Фамилия пользователя',
  `email` varchar(100) CHARACTER SET utf8 COLLATE utf8_unicode_ci NOT NULL COMMENT 'Почта',
  `phone` varchar(100) CHARACTER SET utf8 COLLATE utf8_unicode_ci NOT NULL COMMENT 'Телефон',
  `created_at` datetime DEFAULT CURRENT_TIMESTAMP COMMENT 'Время создания строки',
  `updated_at` datetime DEFAULT CURRENT_TIMESTAMP ON UPDATE CURRENT_TIMESTAMP COMMENT 'Время обновления строки',
  PRIMARY KEY (`id`),
  UNIQUE KEY `email` (`email`),
  UNIQUE KEY `phone` (`phone`)
) ENGINE=InnoDB AUTO_INCREMENT=101 DEFAULT CHARSET=utf8 COLLATE=utf8_unicode_ci COMMENT='Пользователи';
/*!40101 SET character_set_client = @saved_cs_client */;

--
-- Dumping data for table `users`
--

LOCK TABLES `users` WRITE;
/*!40000 ALTER TABLE `users` DISABLE KEYS */;
INSERT INTO `users` VALUES (1,'Ewell','Heaney','rogahn.violette@example.com','844-006-1994x0006','1971-01-03 00:23:08','2002-09-11 03:21:05'),(2,'Shaniya','Farrell','grant.krystal@example.com','+73(5)8958760771','1978-08-05 08:29:37','2020-06-27 15:40:28'),(3,'Blanca','Kuvalis','pwilliamson@example.net','(679)030-4842','2017-08-25 15:09:13','2020-06-27 15:40:28'),(4,'Willie','Nolan','sibyl78@example.com','(535)272-6714x043','1981-03-27 11:03:55','2020-04-28 11:39:23'),(5,'Susana','Goyette','lubowitz.winston@example.com','922-816-4548','1999-10-01 16:17:10','2020-06-27 15:40:28'),(6,'Giles','Reinger','adonis21@example.org','(503)274-1733x27679','2019-09-18 04:18:25','2020-06-27 15:40:28'),(7,'Royce','Rowe','laurence04@example.org','(783)374-5236x292','2006-09-04 16:24:13','2020-06-27 15:40:28'),(8,'Samanta','Abshire','marco.barton@example.net','625.467.7245x81091','1975-08-08 16:52:06','1978-01-19 12:55:45'),(9,'Elody','Deckow','melyssa18@example.org','1-796-446-5668x44825','1991-05-01 01:06:29','2020-06-27 15:40:28'),(10,'Nikko','Kub','eliezer.beier@example.net','01343486417','1980-08-23 03:01:00','2020-06-27 15:40:28'),(11,'Jarrell','Weber','mmurphy@example.org','(024)859-2993x629','2009-01-14 23:40:48','2020-06-27 15:40:28'),(12,'Cielo','Morissette','vivien92@example.org','(756)799-7019','1986-12-04 05:48:16','2020-06-27 15:40:28'),(13,'Sandrine','Torphy','jtowne@example.org','193-981-2946x79504','1992-04-15 13:17:02','2020-06-27 15:40:28'),(14,'Timmy','Hilll','adele.botsford@example.com','859.648.9294x736','2015-05-02 20:14:33','2020-06-27 15:40:28'),(15,'Etha','Herman','aubree86@example.org','756.809.6811','2007-07-01 19:52:23','2020-06-27 15:40:28'),(16,'Elwyn','Terry','aimee.spencer@example.net','1-432-213-4248x218','1986-11-05 23:35:13','2008-10-15 05:28:48'),(17,'Giovani','Gottlieb','newell.beatty@example.org','09409697591','2018-08-04 03:48:12','2020-06-27 15:40:28'),(18,'Claud','McCullough','nbuckridge@example.org','516.404.9033x7707','1991-08-24 15:31:05','2008-12-12 08:35:33'),(19,'Monique','Bode','douglas.leffler@example.net','02891207511','2020-05-05 18:47:57','2020-06-27 15:40:28'),(20,'Merlin','Harber','vmclaughlin@example.com','(352)411-9310x293','2001-05-15 04:33:46','2020-06-27 15:40:28'),(21,'Cathrine','Ebert','koby93@example.org','359-812-3190','1980-03-06 10:26:02','1987-07-22 20:17:01'),(22,'Vergie','Abshire','goyette.ethel@example.com','879.900.9497x2113','1999-12-11 17:53:03','2020-06-27 15:40:28'),(23,'Cortez','Mohr','yost.xander@example.org','(231)791-5559x838','1995-09-28 21:07:04','2006-02-08 04:58:17'),(24,'Angelo','Homenick','lockman.juliana@example.com','714.555.9408','2000-08-27 17:27:55','2020-06-27 15:40:28'),(25,'Norval','Powlowski','gutmann.terrence@example.com','536.679.6312x87638','2018-05-14 06:25:51','2020-06-27 15:40:28'),(26,'Eleonore','Rice','alberta29@example.com','351.626.9679x462','1990-04-24 23:43:42','2020-06-27 15:40:28'),(27,'Taylor','Borer','hchristiansen@example.org','123.956.2183x34898','1984-02-28 20:42:00','1990-02-24 13:44:11'),(28,'Alden','Nikolaus','shawna14@example.com','676.985.1746x218','2003-11-18 16:19:27','2013-05-06 10:39:37'),(29,'Jennyfer','Schumm','asmitham@example.net','932.614.2947','1994-01-21 05:35:41','2020-06-27 15:40:28'),(30,'Grace','Welch','omari97@example.com','+53(6)8199016074','2018-01-05 03:48:02','2020-06-27 15:40:28'),(31,'Solon','Jones','sandra26@example.org','482.917.5842x9879','2018-10-03 20:33:33','2020-06-27 15:40:28'),(32,'Johnson','Braun','lurline45@example.org','433-827-8515','1980-03-24 17:25:51','2020-06-27 15:40:28'),(33,'Alek','Barton','twilderman@example.net','665.637.7235','2006-06-15 18:35:05','2020-06-27 15:40:28'),(34,'Ansley','Rempel','dooley.angeline@example.net','431.007.7694x6637','2006-05-07 22:47:16','2020-06-27 15:40:28'),(35,'Amari','McDermott','kstroman@example.com','1-972-214-9903x7624','2012-05-20 01:50:37','2020-06-27 15:40:28'),(36,'Brady','Kohler','johnston.marjory@example.net','1-498-860-1465x88202','1991-12-28 04:04:56','2014-11-28 10:27:44'),(37,'Aracely','Thompson','maverick77@example.com','(027)718-9717','2016-02-01 00:04:27','2020-06-27 15:40:28'),(38,'Jarred','Johnson','cdenesik@example.org','1-979-796-7104x3215','1995-07-30 03:49:14','2013-04-06 21:23:32'),(39,'Oran','Kilback','kuhn.edwardo@example.org','03616925036','1988-01-24 13:37:07','2020-06-27 15:40:28'),(40,'Anahi','Welch','charles.kutch@example.com','1-678-939-0772','1987-12-04 01:54:43','2020-06-27 15:40:28'),(41,'Brennan','Weimann','kovacek.gustave@example.net','(535)118-0119x0597','1993-02-09 03:20:51','1999-11-28 08:35:00'),(42,'Renee','Klocko','lorenz.gutmann@example.com','334-444-4225','1972-06-01 00:55:03','1994-03-26 21:49:51'),(43,'Savanah','O\'Keefe','cole.harber@example.com','01130475921','1989-05-27 22:10:37','2020-06-27 15:40:28'),(44,'Myrtis','Brekke','greg67@example.com','532-322-1884','1981-11-09 17:53:33','2006-10-12 00:00:37'),(45,'Dorris','Koss','tracey.wilderman@example.com','(550)757-9448x724','1989-11-28 18:03:52','2020-06-27 15:40:28'),(46,'Marilyne','Buckridge','zkuhic@example.org','(272)585-6017x18841','1973-03-09 12:37:07','2014-12-05 19:03:44'),(47,'Vada','Fisher','karlie28@example.net','(696)896-8364x329','1982-03-01 21:13:53','1985-01-23 13:35:39'),(48,'Kristopher','O\'Hara','lind.trevion@example.org','(933)162-1963','2010-07-03 04:55:58','2020-06-27 15:40:28'),(49,'Allison','Ledner','hamill.litzy@example.com','694-783-4015','2003-11-18 03:12:33','2014-04-12 08:48:02'),(50,'Ima','Stracke','tdeckow@example.net','06959884604','1983-04-08 12:29:53','1997-07-27 05:02:36'),(51,'Fidel','Walsh','brice05@example.org','04397879314','1975-07-16 22:37:45','1975-08-15 10:32:14'),(52,'Roberto','Homenick','kautzer.marcella@example.com','1-872-414-0699x15989','1997-03-11 15:44:49','2020-06-27 15:40:28'),(53,'Aiyana','Schamberger','alden.ferry@example.com','02033517198','1989-08-25 13:02:59','2020-06-27 15:40:28'),(54,'Elisabeth','Terry','salvador08@example.org','1-244-757-6732x522','1980-12-31 06:43:23','2016-06-24 06:16:08'),(55,'Angelina','Cole','torp.westley@example.org','+20(1)5022696799','1989-04-30 18:05:40','2006-03-15 18:59:46'),(56,'Maddison','Pacocha','waelchi.judd@example.com','906.214.6856x60562','2006-04-02 00:50:21','2020-06-27 15:40:28'),(57,'Chadrick','Howe','bailee.hodkiewicz@example.com','543.884.3591x108','1984-08-31 14:34:15','2014-03-21 11:56:30'),(58,'Ernestine','Bailey','candelario.krajcik@example.org','+24(1)7604882239','2010-10-27 12:05:39','2020-06-27 15:40:28'),(59,'Ella','Lakin','david.wehner@example.net','1-294-773-6329x1677','1998-12-13 23:26:17','2020-06-27 15:40:28'),(60,'Danika','Goyette','gdeckow@example.net','1-586-858-5266x63422','2008-01-30 07:44:55','2020-06-27 15:40:28'),(61,'Jake','Ullrich','pollich.duane@example.com','+14(6)7921983464','2012-11-17 22:38:51','2020-06-27 15:40:28'),(62,'Cristian','Murazik','edythe.sawayn@example.org','266-616-4589x091','1975-02-07 15:13:39','2020-04-26 21:48:28'),(63,'Jayden','Kohler','lhammes@example.com','128.389.9892x9165','1977-04-15 09:10:58','2020-06-27 15:40:28'),(64,'Felicita','Bernier','rachel.marquardt@example.org','(681)658-9259x080','1974-08-06 22:34:50','1980-02-18 23:18:06'),(65,'Celia','Towne','norberto.lang@example.com','679.298.8691','1986-03-21 13:09:07','1989-01-25 00:43:05'),(66,'Freda','McCullough','yvette21@example.net','047-356-9742x9353','1981-05-09 06:11:15','1982-11-03 21:50:16'),(67,'Carey','Goyette','murazik.mattie@example.net','1-141-221-4104x222','1985-05-18 12:29:05','2009-12-07 20:54:32'),(68,'Schuyler','Casper','mmcclure@example.net','1-515-247-4962x70801','1973-09-30 00:30:13','2020-06-27 15:40:28'),(69,'Vernice','Lindgren','zhackett@example.com','188-456-6622','2020-05-04 05:56:48','2020-06-27 15:40:28'),(70,'Raquel','Hilpert','cruz.hessel@example.com','1-044-240-8084','1971-07-16 15:37:07','1991-06-29 11:19:21'),(71,'Willy','Kohler','dcruickshank@example.org','+93(1)9965433613','1974-03-31 14:26:48','2020-06-27 15:40:28'),(72,'Demetris','Wiza','green.adele@example.net','+18(1)9964302655','1970-09-19 01:14:43','1981-09-11 18:33:00'),(73,'Jeffery','Donnelly','esteban.prosacco@example.net','(918)140-0232x062','1994-05-12 06:10:18','2018-07-26 19:26:26'),(74,'Chelsie','Kub','ugaylord@example.com','+35(5)4733077069','2003-12-12 20:53:48','2018-04-24 04:58:10'),(75,'Susana','Jacobi','sbatz@example.net','+08(1)3664157579','1985-11-19 13:48:02','1993-06-29 09:50:26'),(76,'Madge','Shanahan','augustus98@example.net','464.524.9207x003','2008-03-26 10:37:09','2010-11-22 11:16:24'),(77,'Brad','Kerluke','labadie.willy@example.com','870-773-6386','1984-10-14 14:41:34','2009-08-14 09:52:07'),(78,'Charles','Tillman','markus.rohan@example.net','101-994-8026x82636','1979-10-14 00:59:26','2001-09-22 20:14:38'),(79,'Darrell','Gerhold','casey56@example.net','01517149051','1975-03-12 18:19:41','1995-07-17 19:08:42'),(80,'George','Lesch','stokes.paige@example.org','+34(6)9619455711','2015-11-06 23:05:07','2020-06-27 15:40:28'),(81,'Samanta','Ward','west.jarrod@example.net','1-326-462-2446x8160','1985-03-16 02:26:02','1992-09-24 02:38:57'),(82,'Cordell','Kutch','aufderhar.ariane@example.com','207.870.9135x89729','2009-11-22 12:47:16','2017-09-07 13:38:44'),(83,'Remington','Hyatt','lindsey15@example.net','01146951776','1995-05-24 16:45:55','2008-11-22 16:52:05'),(84,'Delpha','McClure','qgaylord@example.net','(347)795-8129x66887','2008-04-08 00:26:23','2008-07-05 11:15:56'),(85,'Mallie','Quigley','dolly.ondricka@example.com','(045)206-8947x806','2004-08-01 20:45:42','2020-06-27 15:40:28'),(86,'Agnes','Cronin','xwalsh@example.org','146.361.0103','1991-01-31 20:24:34','2018-04-21 04:26:06'),(87,'Ryleigh','Beahan','adrienne37@example.net','834-822-3826x50209','1983-08-17 08:16:05','2010-05-10 19:19:04'),(88,'Hector','Douglas','spinka.wilfred@example.com','+90(1)7202187796','1981-07-28 03:43:19','2012-09-11 01:31:43'),(89,'Cody','Bauch','jammie08@example.com','(323)058-1793x91690','1983-07-11 06:34:07','1999-12-02 11:25:13'),(90,'Mable','Stiedemann','jacobson.burley@example.com','151-581-8512','2007-10-02 22:17:04','2019-09-10 11:55:17'),(91,'Kathleen','Deckow','ufritsch@example.com','392.236.2795','2003-08-22 11:49:22','2020-06-27 15:40:28'),(92,'Ursula','Wilkinson','lesch.betsy@example.net','05087391824','1972-11-13 02:03:04','1993-10-26 23:51:59'),(93,'Camylle','Lang','o\'connell.harold@example.net','(785)222-3667x740','1991-04-06 05:09:36','1997-07-06 08:59:33'),(94,'Felicity','Green','vida79@example.org','(830)790-1018x68940','1974-06-22 13:29:36','1987-12-15 14:17:56'),(95,'Angeline','Moore','streich.tamara@example.com','(741)514-7828','2003-07-03 13:48:24','2020-06-27 15:40:28'),(96,'Joshua','Abernathy','cory.haley@example.org','1-410-722-5157x2541','1976-07-05 04:29:18','2020-06-27 15:40:28'),(97,'Damaris','Barton','stroman.kylie@example.org','1-869-210-3970x15446','1992-10-26 17:07:41','2020-06-27 15:40:28'),(98,'Chanelle','Jerde','dicki.kyleigh@example.org','403.174.4398x4472','1984-11-04 13:15:37','2002-01-15 11:45:55'),(99,'Rebeca','Wintheiser','martine.vonrueden@example.org','002.264.7568x2829','1978-09-03 22:25:06','2016-06-21 19:16:26'),(100,'Rex','Veum','ejones@example.org','1-232-905-3858x699','1970-02-22 16:22:16','1989-07-15 14:24:42');
/*!40000 ALTER TABLE `users` ENABLE KEYS */;
UNLOCK TABLES;
/*!50112 SET @disable_bulk_load = IF (@is_rocksdb_supported, 'SET SESSION rocksdb_bulk_load = @old_rocksdb_bulk_load', 'SET @dummy_rocksdb_bulk_load = 0') */;
/*!50112 PREPARE s FROM @disable_bulk_load */;
/*!50112 EXECUTE s */;
/*!50112 DEALLOCATE PREPARE s */;
/*!40103 SET TIME_ZONE=@OLD_TIME_ZONE */;

/*!40101 SET SQL_MODE=@OLD_SQL_MODE */;
/*!40014 SET FOREIGN_KEY_CHECKS=@OLD_FOREIGN_KEY_CHECKS */;
/*!40014 SET UNIQUE_CHECKS=@OLD_UNIQUE_CHECKS */;
/*!40101 SET CHARACTER_SET_CLIENT=@OLD_CHARACTER_SET_CLIENT */;
/*!40101 SET CHARACTER_SET_RESULTS=@OLD_CHARACTER_SET_RESULTS */;
/*!40101 SET COLLATION_CONNECTION=@OLD_COLLATION_CONNECTION */;
/*!40111 SET SQL_NOTES=@OLD_SQL_NOTES */;

-- Dump completed on 2020-06-27 15:44:55
